draw_id,date,numbers,bonus
01383,2026-08-11,2 7 19 20 39 50,31
01382,2026-08-08,5 29 33 38 40 45,37
01381,2026-08-06,14 18 23 35 51 55,1
01380,2026-08-04,14 39 40 42 47 54,31
01379,2026-08-01,11 14 16 44 49 55,39
01378,2026-07-30,2 12 24 28 43 49,51
01377,2026-07-28,7 22 23 27 41 44,48
01376,2026-07-25,5 9 27 33 37 50,48
01375,2026-07-23,1 3 8 38 40 55,36
01374,2026-07-21,8 11 22 24 32 39,13
01373,2026-07-18,22 41 45 48 54 55,16
01372,2026-07-16,19 20 33 45 48 53,21
01371,2026-07-14,10 24 30 35 45 51,33
01370,2026-07-11,9 17 20 33 41 42,40
01369,2026-07-09,2 9 10 14 17 49,45
01368,2026-07-07,4 6 25 32 33 44,8
01367,2026-07-04,13 15 18 23 31 43,41
01366,2026-07-02,5 11 28 34 41 42,49
01365,2026-06-30,5 13 18 22 43 44,47
01364,2026-06-27,7 16 21 23 28 52,54
01363,2026-06-25,1 3 8 15 35 55,23
01362,2026-06-23,1 13 28 38 40 46,5
01361,2026-06-20,16 23 26 30 52 53,46
01360,2026-06-18,1 4 14 20 46 49,36
01359,2026-06-16,2 4 5 7 31 40,14
01358,2026-06-13,2 8 19 33 36 47,42
01357,2026-06-11,1 8 17 24 40 48,46
01356,2026-06-09,6 8 18 27 32 34,35
01355,2026-06-06,3 11 16 37 39 41,28
01354,2026-06-04,23 24 28 29 39 43,45
01353,2026-06-02,1 3 5 16 37 51,42
01352,2026-05-30,2 8 20 24 25 42,44
01351,2026-05-28,8 11 21 25 31 53,54
01350,2026-05-26,1 14 15 19 23 34,29
01349,2026-05-23,17 21 22 27 38 49,3
01348,2026-05-21,16 18 20 28 32 34,40
01347,2026-05-19,12 39 40 45 48 53,21
01346,2026-05-16,8 25 32 36 39 47,50
01345,2026-05-14,26 28 39 41 48 55,50
01344,2026-05-12,2 11 22 26 31 38,15
01343,2026-05-09,3 10 32 37 45 55,46
01342,2026-05-07,13 14 33 44 46 50,47
01341,2026-05-05,4 6 8 17 30 50,32
01340,2026-05-02,9 21 22 26 33 51,17
01339,2026-04-30,9 15 21 25 29 50,16
01338,2026-04-28,24 25 34 51 52 53,35
01337,2026-04-25,4 7 10 29 41 46,43
01336,2026-04-23,5 16 17 22 33 53,55
01335,2026-04-21,8 30 36 39 50 53,15
01334,2026-04-18,9 19 20 28 37 39,24
01333,2026-04-16,2 7 15 22 47 52,55
01332,2026-04-14,8 16 22 35 39 47,28
01331,2026-04-11,13 26 29 38 49 53,7
01330,2026-04-09,16 18 22 29 41 53,38
01329,2026-04-07,1 13 23 31 44 53,32
01328,2026-04-04,5 7 10 23 30 54,40
01327,2026-04-02,9 21 32 34 52 53,22
01326,2026-03-31,15 16 22 38 43 48,11
01325,2026-03-28,7 13 21 30 33 42,39
01324,2026-03-26,3 9 10 34 38 44,51
01323,2026-03-24,12 19 25 26 32 45,3
01322,2026-03-21,1 6 40 43 47 53,3
01321,2026-03-19,7 9 17 31 34 36,55
01320,2026-03-17,12 26 28 43 50 54,52
01319,2026-03-14,7 16 27 29 47 52,26
01318,2026-03-12,12 28 36 40 53 55,54
01317,2026-03-10,3 26 31 39 47 54,20
01316,2026-03-07,4 32 41 45 50 52,29
01315,2026-03-05,14 16 35 38 43 51,37
01314,2026-03-03,7 13 27 29 43 50,25
01313,2026-02-28,22 25 31 44 51 54,36
01312,2026-02-26,1 7 10 21 44 51,46
01311,2026-02-24,5 8 18 30 39 54,51
01310,2026-02-21,5 7 26 30 41 45,12
01309,2026-02-19,1 27 30 43 45 46,48
01308,2026-02-14,2 13 26 32 36 42,48
01307,2026-02-12,8 17 19 31 32 46,26
01306,2026-02-10,13 21 22 26 32 55,20
01305,2026-02-07,3 5 13 15 29 46,1
01304,2026-02-05,7 13 16 25 26 55,9
01303,2026-02-03,12 15 18 22 48 53,45
01302,2026-01-31,10 11 14 17 49 53,4
01301,2026-01-29,11 15 22 32 34 54,28
01300,2026-01-27,13 22 32 42 53 54,29
01299,2026-01-24,14 24 25 30 35 53,18
01298,2026-01-22,2 20 21 29 36 50,5
01297,2026-01-20,4 20 26 28 37 41,32
01296,2026-01-17,14 21 23 25 46 48,54
01295,2026-01-15,13 21 31 34 48 55,27
01294,2026-01-13,3 12 25 51 52 55,43
01293,2026-01-10,9 16 30 33 34 38,49
01292,2026-01-08,20 22 36 43 45 50,47
01291,2026-01-06,22 28 29 30 34 47,20
01290,2026-01-03,10 16 17 23 33 36,42
01289,2026-01-01,5 16 29 33 39 42,54
01288,2025-12-30,11 30 35 41 48 55,38
01287,2025-12-27,16 21 30 37 39 40,13
01286,2025-12-25,4 6 32 37 40 48,38
01285,2025-12-23,2 10 16 25 32 38,3
01284,2025-12-20,22 32 33 35 40 41,23
01283,2025-12-18,12 14 29 30 39 55,50
01282,2025-12-16,7 36 37 38 52 55,46
01281,2025-12-13,5 8 12 18 20 38,52
01280,2025-12-11,9 13 21 45 48 55,38
01279,2025-12-09,14 21 26 27 31 43,42
01278,2025-12-06,12 26 34 37 50 52,15
01277,2025-12-04,10 29 32 33 44 53,14
01276,2025-12-02,16 20 24 36 51 54,10
01275,2025-11-29,4 20 24 27 40 48,9
01274,2025-11-27,4 5 10 11 28 35,38
01273,2025-11-25,23 31 32 42 46 48,4
01272,2025-11-22,8 10 19 29 34 46,14
01271,2025-11-20,3 12 19 20 31 42,13
01270,2025-11-18,7 12 18 22 30 49,5
01269,2025-11-15,2 30 33 35 42 54,45
01268,2025-11-13,1 15 30 38 40 43,13
01267,2025-11-11,11 20 28 41 47 54,31
01266,2025-11-08,14 16 19 22 27 44,18
01265,2025-11-06,16 20 29 33 36 49,6
01264,2025-11-04,15 27 29 31 36 43,38
01263,2025-11-01,7 11 28 29 31 33,8
01262,2025-10-30,20 23 35 41 47 55,37
01261,2025-10-28,6 8 10 22 25 54,9
01260,2025-10-25,3 5 11 13 24 27,45
01259,2025-10-23,8 10 21 48 49 50,40
01258,2025-10-21,3 11 12 14 22 40,41
01257,2025-10-18,5 16 19 21 38 43,50
01256,2025-10-16,14 15 24 26 27 45,36
01255,2025-10-14,8 9 16 26 37 55,12
01254,2025-10-11,3 7 26 43 44 46,25
01253,2025-10-09,7 11 21 22 39 42,40
01252,2025-10-07,19 22 35 37 43 45,29
01251,2025-10-04,22 33 35 36 38 40,7
01250,2025-10-02,1 2 20 24 27 42,43
01249,2025-09-30,17 23 34 39 46 52,8
01248,2025-09-27,8 13 19 24 39 46,1
01247,2025-09-25,5 17 30 31 38 53,8
01246,2025-09-23,8 18 19 34 41 46,38
01245,2025-09-20,8 13 14 19 36 43,30
01244,2025-09-18,2 3 8 27 38 55,20
01243,2025-09-16,17 19 28 39 43 53,33
01242,2025-09-13,2 7 15 18 24 27,45
01241,2025-09-11,6 16 46 49 51 55,42
01240,2025-09-09,16 20 21 31 40 52,2
01239,2025-09-06,9 11 19 22 34 43,31
01238,2025-09-04,9 19 23 42 49 53,40
01237,2025-09-02,9 16 22 25 30 51,43
01236,2025-08-30,2 17 19 24 30 44,34
01235,2025-08-28,6 13 28 30 35 52,50
01234,2025-08-26,22 30 38 44 48 55,5
01233,2025-08-23,1 9 26 34 44 50,52
01232,2025-08-21,5 9 17 35 40 41,44
01231,2025-08-19,1 14 31 34 36 47,45
01230,2025-08-16,14 23 32 36 47 48,5
01229,2025-08-14,6 10 17 18 32 35,53
01228,2025-08-12,1 6 24 37 40 55,10
01227,2025-08-09,5 9 16 36 43 51,19
01226,2025-08-07,6 24 31 32 39 48,52
01225,2025-08-05,8 41 45 51 52 53,31
01224,2025-08-02,12 24 29 33 34 35,47
01223,2025-07-31,5 17 31 42 46 49,37
01222,2025-07-29,4 8 23 43 45 51,48
01221,2025-07-26,5 26 28 29 33 54,34
01220,2025-07-24,5 10 24 29 30 34,45
01219,2025-07-22,9 10 15 28 33 44,22
01218,2025-07-19,8 9 20 36 39 44,28
01217,2025-07-17,13 18 33 40 48 53,54
01216,2025-07-15,18 26 31 32 36 48,30
01215,2025-07-12,2 34 39 41 45 52,51
01214,2025-07-10,12 33 34 42 44 53,3
01213,2025-07-08,23 24 32 42 48 50,31
01212,2025-07-05,3 15 22 45 51 55,54
01211,2025-07-03,18 19 29 31 45 54,27
01210,2025-07-01,3 11 12 14 27 33,15
01209,2025-06-28,8 11 13 20 45 50,25
01208,2025-06-26,1 14 16 27 40 51,2
01207,2025-06-24,3 9 18 20 30 53,48
01206,2025-06-21,6 10 15 43 44 53,32
01205,2025-06-19,3 5 9 10 16 47,34
01204,2025-06-17,7 13 18 22 32 44,43
01203,2025-06-14,11 12 22 26 41 47,24
01202,2025-06-12,6 8 16 18 34 44,17
01201,2025-06-10,3 6 21 29 40 41,37
01200,2025-06-07,12 17 21 46 48 52,45
01199,2025-06-05,14 21 33 37 46 49,34
01198,2025-06-03,2 11 14 16 27 38,51
01197,2025-05-31,6 24 41 45 49 55,8
01196,2025-05-29,9 37 42 45 46 50,14
01195,2025-05-27,4 12 18 19 44 48,42
01194,2025-05-24,19 20 27 30 45 55,15
01193,2025-05-22,3 9 14 41 47 55,22
01192,2025-05-20,19 27 44 45 47 52,15
01191,2025-05-17,2 7 26 29 41 50,43
01190,2025-05-15,6 9 13 44 49 54,47
01189,2025-05-13,3 7 24 39 54 55,42
01188,2025-05-10,7 16 19 28 34 51,15
01187,2025-05-08,8 14 29 37 39 50,21
01186,2025-05-06,12 16 25 28 30 39,5
01185,2025-05-03,15 19 21 26 42 47,38
01184,2025-05-01,3 17 19 41 45 50,43
01183,2025-04-29,14 15 18 23 28 33,29
01182,2025-04-26,3 15 16 31 48 52,21
01181,2025-04-24,1 2 15 39 40 47,24
01180,2025-04-22,10 25 37 40 41 48,32
01179,2025-04-19,5 11 15 32 42 49,43
01178,2025-04-17,1 17 20 38 41 52,14
01177,2025-04-15,8 23 24 27 42 49,20
01176,2025-04-12,3 14 19 37 42 55,23
01175,2025-04-10,10 13 36 37 40 43,41
01174,2025-04-08,3 7 34 41 43 53,31
01173,2025-04-05,13 23 29 32 41 42,9
01172,2025-04-03,24 26 34 42 50 51,30
01171,2025-04-01,14 15 29 33 39 47,4
01170,2025-03-29,14 19 21 24 26 48,39
01169,2025-03-27,13 25 32 36 41 53,29
01168,2025-03-25,14 23 29 30 35 40,17
01167,2025-03-22,2 23 42 50 52 54,44
01166,2025-03-20,11 13 24 28 36 41,37
01165,2025-03-18,2 8 29 30 50 55,27
01164,2025-03-15,1 34 39 40 42 50,25
01163,2025-03-13,7 13 21 43 52 53,17
01162,2025-03-11,1 16 18 30 31 44,34
01161,2025-03-08,10 38 41 43 45 48,8
01160,2025-03-06,5 10 21 26 43 51,15
01159,2025-03-04,5 14 27 43 45 53,47
01158,2025-03-01,15 17 34 37 39 45,41
01157,2025-02-27,5 9 21 31 43 53,11
01156,2025-02-25,1 7 11 24 29 30,48
01155,2025-02-22,1 2 7 22 23 46,50
01154,2025-02-20,13 17 20 27 36 54,47
01153,2025-02-18,12 13 30 38 40 47,42
01152,2025-02-15,22 37 38 47 51 55,31
01151,2025-02-13,2 8 23 26 42 47,7
01150,2025-02-11,1 9 18 21 35 40,44
01149,2025-02-08,11 22 28 44 48 49,23
01148,2025-02-06,1 11 31 43 48 54,19
01147,2025-02-04,7 17 29 51 52 55,41
01146,2025-02-01,1 20 34 38 45 47,49
01145,2025-01-30,5 8 24 28 34 52,39
01144,2025-01-25,14 21 40 42 48 51,19
01143,2025-01-23,11 18 22 49 50 51,37
01142,2025-01-21,11 18 22 28 51 52,53
01141,2025-01-18,1 3 26 31 37 41,51
01140,2025-01-16,8 16 34 37 47 50,23
01139,2025-01-14,3 11 12 24 33 40,46
01138,2025-01-11,10 25 26 29 37 46,14
01137,2025-01-09,18 21 31 39 50 53,13
01136,2025-01-07,4 5 9 16 22 39,30
01135,2025-01-04,4 10 30 36 40 53,51
01134,2025-01-02,4 10 18 22 41 45,50
01133,2024-12-31,8 13 29 36 42 43,28
01132,2024-12-28,6 19 36 42 53 55,39
01131,2024-12-26,6 18 33 38 41 48,16
01130,2024-12-24,17 20 27 32 44 51,33
01129,2024-12-21,4 16 29 30 35 51,48
01128,2024-12-19,13 16 32 39 49 51,11
01127,2024-12-17,2 14 27 30 53 54,16
01126,2024-12-14,3 10 19 20 21 24,7
01125,2024-12-12,1 9 12 18 37 44,11
01124,2024-12-10,11 15 26 45 52 55,36
01123,2024-12-07,16 17 22 24 29 37,54
01122,2024-12-05,16 21 29 41 42 47,9
01121,2024-12-03,10 19 33 39 47 54,16
01120,2024-11-30,1 20 24 26 38 41,36
01119,2024-11-28,1 16 24 28 38 53,9
01118,2024-11-26,8 11 16 32 40 43,12
01117,2024-11-23,4 12 25 39 48 51,45
01116,2024-11-21,15 22 31 40 42 51,26
01115,2024-11-19,6 10 17 34 41 48,31
01114,2024-11-16,16 22 33 37 39 51,54
01113,2024-11-14,12 25 37 40 49 52,31
01112,2024-11-12,1 21 29 35 41 45,20
01111,2024-11-09,11 14 24 26 34 51,40
01110,2024-11-07,6 9 33 39 50 51,43
01109,2024-11-05,9 31 36 46 49 54,7
01108,2024-11-02,2 9 19 20 34 54,26
01107,2024-10-31,5 16 20 29 30 31,39
01106,2024-10-29,14 17 19 28 47 51,55
01105,2024-10-26,5 19 27 29 42 47,40
01104,2024-10-24,5 17 31 39 46 53,3
01103,2024-10-22,15 21 23 26 31 43,35
01102,2024-10-19,9 22 31 39 43 51,19
01101,2024-10-17,11 14 15 26 38 41,25
01100,2024-10-15,4 25 41 42 46 52,33
01099,2024-10-12,29 34 35 38 50 51,37
01098,2024-10-10,4 5 6 29 32 44,53
01097,2024-10-08,3 7 14 17 48 50,40
01096,2024-10-05,2 10 17 27 50 52,18
01095,2024-10-03,18 21 34 40 42 53,25
01094,2024-10-01,3 18 22 41 43 44,12
01093,2024-09-28,2 11 13 32 41 48,15
01092,2024-09-26,3 18 29 39 41 49,46
01091,2024-09-24,1 6 11 17 24 31,43
01090,2024-09-21,3 8 9 22 26 55,11
01089,2024-09-19,4 9 22 24 45 54,48
01088,2024-09-17,14 32 34 41 47 54,48
01087,2024-09-14,2 12 25 32 51 54,34
01086,2024-09-12,3 8 31 36 39 47,38
01085,2024-09-10,15 23 37 38 45 49,30
01084,2024-09-07,5 11 20 39 46 53,37
01083,2024-09-05,15 20 23 29 34 46,1
01082,2024-09-03,8 10 11 14 38 48,41
01081,2024-08-31,24 33 38 40 42 51,28
01080,2024-08-29,8 11 21 29 38 55,12
01079,2024-08-27,5 6 29 31 37 48,2
01078,2024-08-24,2 17 20 21 22 23,38
01077,2024-08-22,11 18 20 32 41 46,33
01076,2024-08-20,5 24 26 27 29 54,6
01075,2024-08-17,4 28 35 38 39 45,5
01074,2024-08-15,8 16 20 30 34 43,46
01073,2024-08-13,9 26 40 44 45 50,27
01072,2024-08-10,10 23 32 37 48 55,14
01071,2024-08-08,1 7 42 43 48 51,29
01070,2024-08-06,22 34 44 46 54 55,14
01069,2024-08-03,7 20 34 36 41 46,16
01068,2024-08-01,9 17 21 48 53 55,29
01067,2024-07-30,2 6 22 23 38 51,32
01066,2024-07-27,18 23 25 37 39 40,35
01065,2024-07-25,12 17 21 25 33 40,39
01064,2024-07-23,34 39 40 42 54 55,30
01063,2024-07-20,12 18 32 40 51 53,28
01062,2024-07-18,10 13 28 35 40 42,2
01061,2024-07-16,20 31 34 36 47 52,2
01060,2024-07-13,2 12 13 33 44 52,34
01059,2024-07-11,1 2 11 21 22 23,26
01058,2024-07-09,6 8 9 28 33 53,10
01057,2024-07-06,8 10 12 22 25 55,52
01056,2024-07-04,10 19 20 29 34 41,8
01055,2024-07-02,7 8 50 52 53 54,2
01054,2024-06-29,11 15 32 34 46 48,47
01053,2024-06-27,7 21 22 41 43 46,32
01052,2024-06-25,1 5 9 13 18 27,8
01051,2024-06-22,17 25 31 35 41 42,36
01050,2024-06-20,1 10 29 34 43 55,49
01049,2024-06-18,20 23 27 36 38 44,52
01048,2024-06-15,5 10 14 20 26 51,36
01047,2024-06-13,8 39 45 47 49 51,16
01046,2024-06-11,13 16 21 30 32 39,53
01045,2024-06-08,13 16 32 33 35 43,42
01044,2024-06-06,18 26 38 39 47 51,55
01043,2024-06-04,1 2 7 10 13 19,24
01042,2024-06-01,6 24 30 31 47 49,1
01041,2024-05-30,4 7 8 12 23 31,45
01040,2024-05-28,1 25 29 37 40 54,50
01039,2024-05-25,15 22 38 39 43 53,20
01038,2024-05-23,8 12 42 47 51 52,36
01037,2024-05-21,1 2 14 32 33 41,4
01036,2024-05-18,12 18 20 25 27 52,44
01035,2024-05-16,20 25 27 39 45 55,44
01034,2024-05-14,5 17 36 40 46 50,1
01033,2024-05-11,19 23 25 43 46 54,42
01032,2024-05-09,3 16 21 36 37 40,31
01031,2024-05-07,21 26 35 41 44 52,13
01030,2024-05-04,5 27 35 45 49 55,18
01029,2024-05-02,30 32 33 36 42 48,18
01028,2024-04-30,13 16 26 46 49 54,8
01027,2024-04-27,7 12 38 43 48 55,8
01026,2024-04-25,13 19 27 38 41 54,46
01025,2024-04-23,1 34 39 40 49 53,9
01024,2024-04-20,2 6 35 43 45 47,14
01023,2024-04-18,1 21 23 33 43 54,28
01022,2024-04-16,3 5 32 40 46 50,37
01021,2024-04-13,29 36 37 38 40 42,46
01020,2024-04-11,3 6 15 25 33 43,55
01019,2024-04-09,4 12 27 44 46 51,22
01018,2024-04-06,9 13 20 30 39 54,23
01017,2024-04-04,3 8 12 25 47 48,15
01016,2024-04-02,1 12 18 20 51 52,37
01015,2024-03-30,14 17 27 38 54 55,23
01014,2024-03-28,1 7 18 26 38 49,21
01013,2024-03-26,1 8 13 16 38 44,47
01012,2024-03-23,3 10 13 30 40 52,4
01011,2024-03-21,12 13 41 48 49 53,43
01010,2024-03-19,6 25 39 45 46 55,26
01009,2024-03-16,8 36 42 43 44 55,54
01008,2024-03-14,21 25 26 29 41 51,39
01007,2024-03-12,11 14 18 20 22 43,16
01006,2024-03-09,11 13 22 36 46 49,37
01005,2024-03-07,13 20 33 47 53 54,19
01004,2024-03-05,12 19 21 23 28 54,31
01003,2024-03-02,1 19 21 31 50 55,37
01002,2024-02-29,4 11 20 38 52 53,33
01001,2024-02-27,1 4 6 8 24 35,53
01000,2024-02-24,1 3 22 27 38 40,26
00999,2024-02-22,8 19 24 31 35 55,1
00998,2024-02-20,34 46 50 51 52 55,5
00997,2024-02-17,8 12 17 27 38 55,47
00996,2024-02-15,3 7 8 18 21 26,19
00995,2024-02-13,8 17 22 31 34 49,18
00994,2024-02-08,22 31 35 36 38 42,11
00993,2024-02-06,8 19 27 34 46 51,24
00992,2024-02-03,4 6 7 13 18 26,49
00991,2024-02-01,2 7 10 22 32 40,39
00990,2024-01-30,3 10 13 40 49 52,9
00989,2024-01-27,6 12 38 41 46 55,13
00988,2024-01-25,13 17 35 38 42 48,7
00987,2024-01-23,13 27 32 48 49 51,23
00986,2024-01-20,6 25 29 34 49 54,38
00985,2024-01-18,12 20 33 38 40 52,35
00984,2024-01-16,9 14 18 20 27 43,42
00983,2024-01-13,1 5 7 23 35 42,21
00982,2024-01-11,2 23 32 44 51 52,28
00981,2024-01-09,16 32 45 50 52 53,54
00980,2024-01-06,15 17 21 24 34 46,11
00979,2024-01-04,7 34 37 43 52 54,28
00978,2024-01-02,2 5 18 31 37 45,20
00977,2023-12-30,9 17 29 32 38 52,2
00976,2023-12-28,20 28 30 40 45 52,32
00975,2023-12-26,10 14 17 27 29 40,25
00974,2023-12-23,22 32 39 46 48 49,43
00973,2023-12-21,9 31 39 41 47 48,3
00972,2023-12-19,11 14 15 24 34 53,18
00971,2023-12-16,13 15 21 26 34 35,45
00970,2023-12-14,1 12 23 43 48 52,30
00969,2023-12-12,6 7 16 21 34 50,31
00968,2023-12-09,6 9 26 27 34 47,41
00967,2023-12-07,9 13 28 33 50 53,47
00966,2023-12-05,2 4 19 32 35 39,49
00965,2023-12-02,1 10 20 37 48 51,54
00964,2023-11-30,9 13 21 28 50 54,51
00963,2023-11-28,10 24 47 48 52 55,28
00962,2023-11-25,7 9 10 17 25 53,49
00961,2023-11-23,4 6 26 33 52 55,15
00960,2023-11-21,3 7 16 37 39 51,9
00959,2023-11-18,1 7 10 14 28 29,2
00958,2023-11-16,3 5 10 18 44 49,28
00957,2023-11-14,4 9 12 15 22 38,40
00956,2023-11-11,2 3 4 19 41 42,23
00955,2023-11-09,8 17 24 34 39 48,44
00954,2023-11-07,12 18 20 28 35 52,25
00953,2023-11-04,14 35 37 47 48 50,43
00952,2023-11-02,9 15 17 21 26 36,13
00951,2023-10-31,10 16 17 28 37 42,43
00950,2023-10-28,11 14 25 44 46 47,10
00949,2023-10-26,14 22 32 37 43 48,42
00948,2023-10-24,12 20 26 33 40 44,24
00947,2023-10-21,11 16 24 34 47 52,15
00946,2023-10-19,1 23 29 37 51 55,54
00945,2023-10-17,13 22 33 41 46 47,9
00944,2023-10-14,8 23 30 34 38 47,10
00943,2023-10-12,5 8 9 20 36 50,35
00942,2023-10-10,6 23 26 37 44 46,33
00941,2023-10-07,4 13 36 40 43 52,34
00940,2023-10-05,1 21 33 46 47 53,9
00939,2023-10-03,3 15 27 29 37 48,55
00938,2023-09-30,3 13 19 30 38 44,51
00937,2023-09-28,4 23 36 45 47 50,22
00936,2023-09-26,14 20 24 27 41 44,23
00935,2023-09-23,20 27 36 43 45 47,35
00934,2023-09-21,16 26 33 34 41 43,53
00933,2023-09-19,17 29 35 40 51 52,23
00932,2023-09-16,25 27 42 51 54 55,45
00931,2023-09-14,6 10 20 22 50 52,34
00930,2023-09-12,26 31 32 39 45 55,28
00929,2023-09-09,13 20 32 37 43 49,40
00928,2023-09-07,1 4 36 42 45 54,32
00927,2023-09-05,2 6 19 29 34 48,39
00926,2023-09-02,12 15 32 44 46 51,48
00925,2023-08-31,23 33 37 43 45 46,29
00924,2023-08-29,1 8 20 25 35 53,54
00923,2023-08-26,5 8 24 38 50 51,47
00922,2023-08-24,1 10 20 41 42 50,39
00921,2023-08-22,2 3 6 34 35 36,31
00920,2023-08-19,7 9 13 22 27 42,23
00919,2023-08-17,1 5 25 32 51 52,54
00918,2023-08-15,5 12 25 39 40 53,52
00917,2023-08-12,13 24 39 43 45 52,8
00916,2023-08-10,4 14 31 42 47 49,43
00915,2023-08-08,5 6 19 20 40 45,47
00914,2023-08-05,22 34 40 47 49 51,44
00913,2023-08-03,3 12 22 25 37 39,7
00912,2023-08-01,4 18 22 25 33 48,2
00911,2023-07-29,16 23 25 26 29 40,32
00910,2023-07-27,3 11 13 31 33 45,27
00909,2023-07-25,12 23 42 44 51 52,3
00908,2023-07-22,9 15 23 25 27 34,41
00907,2023-07-20,5 34 36 38 47 50,26
00906,2023-07-18,10 11 19 28 42 47,16
00905,2023-07-15,2 16 31 37 38 48,36
00904,2023-07-13,3 4 30 34 36 49,8
00903,2023-07-11,24 40 44 46 47 49,5
00902,2023-07-08,8 11 23 43 44 48,41
00901,2023-07-06,7 12 29 39 46 55,1
00900,2023-07-04,4 13 14 23 33 50,41
00899,2023-07-01,13 33 36 38 45 50,25
00898,2023-06-29,1 11 12 28 46 54,40
00897,2023-06-27,2 12 15 16 27 28,47
00896,2023-06-24,8 9 16 20 50 53,3
00895,2023-06-22,2 11 14 35 43 51,55
00894,2023-06-20,7 23 26 31 35 53,32
00893,2023-06-17,7 13 23 34 38 40,55
00892,2023-06-15,10 11 25 39 46 55,40
00891,2023-06-13,4 14 18 27 47 50,33
00890,2023-06-10,10 17 27 32 35 41,54
00889,2023-06-08,3 36 38 43 51 53,2
00888,2023-06-06,1 14 23 27 44 50,43
00887,2023-06-03,23 28 29 36 38 41,7
00886,2023-06-01,3 18 40 41 46 47,36
00885,2023-05-30,1 14 24 28 40 46,34
00884,2023-05-27,4 6 8 18 39 43,28
00883,2023-05-25,15 16 19 31 33 46,7
00882,2023-05-23,26 27 35 36 47 54,40
00881,2023-05-20,1 14 21 36 48 53,44
00880,2023-05-18,13 14 21 23 30 41,49
00879,2023-05-16,19 24 30 34 40 44,51
00878,2023-05-13,22 24 35 43 45 54,50
00877,2023-05-11,1 3 19 33 34 51,17
00876,2023-05-09,7 9 13 22 44 47,39
00875,2023-05-06,1 11 22 28 34 42,10
00874,2023-05-04,13 30 32 35 45 52,29
00873,2023-05-02,4 11 18 25 33 45,21
00872,2023-04-29,2 9 12 24 41 53,35
00871,2023-04-27,8 28 38 39 41 45,54
00870,2023-04-25,6 10 19 23 25 28,45
00869,2023-04-22,9 18 23 24 48 52,10
00868,2023-04-20,7 11 32 35 42 51,46
00867,2023-04-18,17 18 30 40 51 55,50
00866,2023-04-15,1 34 35 36 42 43,5
00865,2023-04-13,22 26 28 37 39 48,15
00864,2023-04-11,10 14 16 18 37 49,54
00863,2023-04-08,17 33 36 46 50 52,40
00862,2023-04-06,7 10 12 33 52 54,16
00861,2023-04-04,13 28 41 42 47 51,9
00860,2023-04-01,12 34 39 44 49 55,14
00859,2023-03-30,6 11 14 21 30 32,22
00858,2023-03-28,6 21 24 41 50 53,13
00857,2023-03-25,17 18 28 40 49 54,16
00856,2023-03-23,4 7 22 33 40 49,39
00855,2023-03-21,7 17 31 43 45 49,52
00854,2023-03-18,18 24 32 33 51 53,36
00853,2023-03-16,6 23 34 48 50 55,2
00852,2023-03-14,14 15 18 20 27 35,31
00851,2023-03-11,13 23 25 30 35 44,8
00850,2023-03-09,12 22 28 34 53 54,40
00849,2023-03-07,8 22 25 27 39 50,28
00848,2023-03-04,9 13 23 36 38 54,21
00847,2023-03-02,1 3 23 24 43 48,31
00846,2023-02-28,2 13 14 30 43 55,22
00845,2023-02-25,1 2 14 21 38 51,50
00844,2023-02-23,12 16 29 31 39 48,40
00843,2023-02-21,4 12 15 21 30 44,5
00842,2023-02-18,11 23 26 29 43 50,5
00841,2023-02-16,1 5 7 8 20 22,33
00840,2023-02-14,1 9 33 37 43 45,23
00839,2023-02-11,4 13 45 48 52 54,5
00838,2023-02-09,1 10 29 30 49 50,9
00837,2023-02-07,6 27 29 32 39 52,9
00836,2023-02-04,2 6 8 27 41 46,20
00835,2023-02-02,3 10 23 29 34 53,11
00834,2023-01-31,10 11 31 32 38 52,5
00833,2023-01-28,9 22 23 29 38 47,33
00832,2023-01-26,8 15 18 20 33 41,14
00831,2023-01-24,3 5 10 12 29 30,9
00830,2023-01-19,3 21 32 33 38 52,30
00829,2023-01-17,1 9 20 36 44 50,40
00828,2023-01-14,5 17 24 30 43 53,26
00827,2023-01-12,5 14 37 45 47 55,25
00826,2023-01-10,5 12 14 19 46 51,36
00825,2023-01-07,3 4 9 15 33 54,16
00824,2023-01-05,5 12 34 37 47 49,28
00823,2023-01-03,9 13 24 43 47 48,18
00822,2022-12-31,10 15 36 42 45 52,20
00821,2022-12-29,6 8 33 37 38 51,48
00820,2022-12-27,11 12 13 14 23 55,27
00819,2022-12-24,5 19 22 23 30 44,52
00818,2022-12-22,14 26 35 43 45 48,3
00817,2022-12-20,2 6 9 20 31 35,42
00816,2022-12-17,1 2 29 34 41 42,9
00815,2022-12-15,2 25 38 50 51 55,21
00814,2022-12-13,10 22 31 37 41 52,20
00813,2022-12-10,2 12 13 18 33 44,31
00812,2022-12-08,6 30 36 41 49 55,20
00811,2022-12-06,1 11 25 44 45 46,35
00810,2022-12-03,16 17 27 48 52 53,24
00809,2022-12-01,11 14 29 31 52 54,7
00808,2022-11-29,2 13 16 18 41 42,19
00807,2022-11-26,8 23 24 48 49 52,1
00806,2022-11-24,4 6 18 27 52 53,10
00805,2022-11-22,3 9 21 22 26 35,15
00804,2022-11-19,3 15 22 39 46 48,43
00803,2022-11-17,1 19 25 27 38 42,54
00802,2022-11-15,4 20 26 36 47 51,33
00801,2022-11-12,8 18 23 30 35 42,43
00800,2022-11-10,8 11 14 27 38 45,21
00799,2022-11-08,12 27 33 44 48 50,18
00798,2022-11-05,10 19 22 25 47 53,52
00797,2022-11-03,8 13 24 28 29 33,49
00796,2022-11-01,3 9 20 23 31 54,55
00795,2022-10-29,1 3 10 13 15 20,32
00794,2022-10-27,1 7 10 17 19 30,53
00793,2022-10-25,8 18 20 22 42 46,1
00792,2022-10-22,17 19 35 42 51 52,34
00791,2022-10-20,15 21 27 34 37 53,29
00790,2022-10-18,6 30 36 39 44 46,49
00789,2022-10-15,8 15 16 39 45 51,23
00788,2022-10-13,12 13 43 48 51 52,15
00787,2022-10-11,11 26 34 40 46 52,1
00786,2022-10-08,11 17 23 34 41 51,40
00785,2022-10-06,6 8 19 20 47 53,7
00784,2022-10-04,5 11 12 22 43 45,42
00783,2022-10-01,14 15 16 22 23 29,20
00782,2022-09-29,15 32 33 37 42 54,28
00781,2022-09-27,11 13 23 27 37 43,34
00780,2022-09-24,1 4 5 17 42 47,9
00779,2022-09-22,12 14 19 29 44 47,26
00778,2022-09-20,8 27 32 43 53 54,45
00777,2022-09-17,5 8 19 34 40 49,39
00776,2022-09-15,3 8 19 30 41 52,9
00775,2022-09-13,9 10 21 40 41 48,54
00774,2022-09-10,2 8 15 19 35 38,14
00773,2022-09-08,9 13 23 32 36 52,43
00772,2022-09-06,1 5 27 43 52 54,15
00771,2022-09-03,11 22 31 33 40 46,41
00770,2022-09-01,4 14 18 39 50 53,31
00769,2022-08-30,2 13 19 29 30 32,16
00768,2022-08-27,1 5 7 10 25 48,36
00767,2022-08-25,19 30 35 40 49 53,42
00766,2022-08-23,13 21 31 41 44 45,27
00765,2022-08-20,6 16 29 32 42 51,43
00764,2022-08-18,23 27 31 37 38 42,26
00763,2022-08-16,17 18 28 47 50 53,11
00762,2022-08-13,19 28 29 30 33 36,14
00761,2022-08-11,1 12 21 34 48 55,50
00760,2022-08-09,9 10 36 41 51 55,52
00759,2022-08-06,6 21 27 41 51 53,43
00758,2022-08-04,8 9 20 41 48 54,2
00757,2022-08-02,2 5 28 40 47 48,31
00756,2022-07-30,1 4 24 35 44 47,17
00755,2022-07-28,5 6 17 28 29 39,34
00754,2022-07-26,5 8 9 13 14 47,53
00753,2022-07-23,27 28 29 39 40 54,13
00752,2022-07-21,2 20 33 45 51 55,1
00751,2022-07-19,8 9 33 34 35 52,36
00750,2022-07-16,6 13 18 27 34 46,33
00749,2022-07-14,11 25 29 37 39 52,45
00748,2022-07-12,12 13 24 25 39 41,9
00747,2022-07-09,5 21 24 47 52 55,20
00746,2022-07-07,18 24 32 43 48 55,15
00745,2022-07-05,5 7 12 26 29 44,38
00744,2022-07-02,6 26 39 40 46 47,2
00743,2022-06-30,5 11 15 19 29 31,35
00742,2022-06-28,5 22 30 32 38 55,33
00741,2022-06-25,14 17 31 35 37 40,28
00740,2022-06-23,10 22 23 34 46 54,27
00739,2022-06-21,9 13 19 21 34 51,35
00738,2022-06-18,6 27 43 44 45 47,33
00737,2022-06-16,9 13 21 40 51 54,4
00736,2022-06-14,2 15 26 32 35 36,16
00735,2022-06-11,10 18 23 25 45 47,38
00734,2022-06-09,30 31 35 43 48 50,22
00733,2022-06-07,16 17 21 28 39 50,19
00732,2022-06-04,3 17 27 30 34 49,25
00731,2022-06-02,7 11 28 30 33 50,49
00730,2022-05-31,4 10 15 16 47 51,23
00729,2022-05-28,33 36 38 42 43 46,3
00728,2022-05-26,4 30 32 39 41 53,42
00727,2022-05-24,18 31 32 46 50 52,28
00726,2022-05-21,19 32 38 40 45 48,2
00725,2022-05-19,3 6 31 40 47 54,8
00724,2022-05-17,11 17 25 29 45 48,53
00723,2022-05-14,2 28 30 43 44 55,22
00722,2022-05-12,9 18 24 43 44 50,15
00721,2022-05-10,12 18 41 43 47 51,10
00720,2022-05-07,15 32 33 36 43 46,31
00719,2022-05-05,27 29 33 39 47 53,55
00718,2022-05-03,1 22 38 48 49 53,42
00717,2022-04-30,11 23 51 52 53 54,27
00716,2022-04-28,8 24 25 32 37 44,3
00715,2022-04-26,14 22 24 25 43 49,17
00714,2022-04-23,3 27 36 41 49 55,18
00713,2022-04-21,21 24 27 34 38 42,46
00712,2022-04-19,2 7 13 28 29 34,39
00711,2022-04-16,4 8 39 41 53 55,52
00710,2022-04-14,1 5 9 34 37 45,52
00709,2022-04-12,11 18 20 22 25 40,5
00708,2022-04-09,2 3 19 28 42 45,12
00707,2022-04-07,6 14 15 25 29 32,41
00706,2022-04-05,5 18 26 36 43 44,45
00705,2022-04-02,32 38 42 44 47 55,46
00704,2022-03-31,5 24 34 39 42 49,16
00703,2022-03-29,5 11 32 35 40 52,31
00702,2022-03-26,1 6 16 30 34 55,29
00701,2022-03-24,5 9 16 35 45 46,44
00700,2022-03-22,1 14 18 28 47 49,22
00699,2022-03-19,8 20 24 37 51 55,27
00698,2022-03-17,1 6 12 21 37 49,53
00697,2022-03-15,6 14 24 28 33 52,50
00696,2022-03-12,12 16 18 26 30 45,36
00695,2022-03-10,1 3 8 16 19 36,41
00694,2022-03-08,3 23 25 39 47 48,55
00693,2022-03-05,5 12 15 25 43 48,1
00692,2022-03-03,4 10 16 25 26 43,52
00691,2022-03-01,15 19 25 42 51 53,2
00690,2022-02-26,5 8 30 36 49 51,18
00689,2022-02-24,2 15 25 30 31 32,13
00688,2022-02-22,9 16 19 23 25 39,4
00687,2022-02-19,1 11 14 33 46 48,40
00686,2022-02-17,5 24 40 42 46 54,3
00685,2022-02-15,5 7 14 24 29 36,46
00684,2022-02-12,4 8 12 42 44 51,41
00683,2022-02-10,3 15 26 35 43 52,7
00682,2022-02-08,12 15 21 28 32 40,43
00681,2022-02-05,1 17 23 29 44 45,37
00680,2022-02-03,13 18 22 35 42 43,3
00679,2022-01-29,6 10 17 23 25 38,21
00678,2022-01-27,1 26 31 36 40 46,28
00677,2022-01-25,2 16 17 20 31 51,50
00676,2022-01-22,2 6 16 29 37 42,22
00675,2022-01-20,8 21 32 34 41 46,48
00674,2022-01-18,6 15 16 33 41 43,51
00673,2022-01-15,20 26 41 46 47 48,18
00672,2022-01-13,7 12 17 26 37 46,28
00671,2022-01-11,12 25 26 28 33 46,22
00670,2022-01-08,6 17 37 41 48 50,13
00669,2022-01-06,4 8 14 21 30 49,38
00668,2022-01-04,11 17 22 28 39 49,43
00667,2022-01-01,4 25 28 32 33 55,3
00666,2021-12-30,9 25 27 32 37 46,23
00665,2021-12-28,3 8 9 40 44 48,2
00664,2021-12-25,6 8 23 25 33 35,27
00663,2021-12-23,8 22 29 43 45 54,23
00662,2021-12-21,23 25 28 49 52 54,44
00661,2021-12-18,4 6 19 26 38 41,16
00660,2021-12-16,19 24 30 41 43 49,55
00659,2021-12-14,10 16 19 24 39 50,29
00658,2021-12-11,8 13 17 22 42 51,45
00657,2021-12-09,3 14 33 40 41 50,17
00656,2021-12-07,4 6 22 32 34 53,41
00655,2021-12-04,7 9 31 32 36 49,37
00654,2021-12-02,6 23 28 31 44 48,14
00653,2021-11-30,12 21 23 28 33 46,38
00652,2021-11-27,2 5 7 21 31 37,44
00651,2021-11-25,16 18 24 29 33 41,43
00650,2021-11-23,5 7 9 28 38 55,50
00649,2021-11-20,6 10 29 30 31 51,35
00648,2021-11-18,18 30 32 37 39 40,10
00647,2021-11-16,8 19 27 34 46 51,2
00646,2021-11-13,18 22 29 33 46 48,37
00645,2021-11-11,3 35 37 41 45 49,31
00644,2021-11-09,12 25 26 47 51 53,16
00643,2021-11-06,23 31 41 48 49 51,3
00642,2021-11-04,5 10 15 31 32 50,28
00641,2021-11-02,37 38 42 46 47 55,23
00640,2021-10-30,31 36 40 44 50 53,11
00639,2021-10-28,2 4 6 13 31 35,16
00638,2021-10-26,21 24 29 34 39 53,20
00637,2021-10-23,5 11 19 26 28 33,9
00636,2021-10-21,3 19 32 36 41 51,35
00635,2021-10-19,3 9 25 29 46 50,18
00634,2021-10-16,9 17 22 28 50 55,7
00633,2021-10-14,9 21 24 30 41 44,40
00632,2021-10-12,14 17 31 33 42 50,40
00631,2021-10-09,1 22 25 38 39 54,19
00630,2021-10-07,6 15 21 24 45 55,46
00629,2021-10-05,11 16 17 19 38 43,24
00628,2021-10-02,5 6 22 26 49 51,32
00627,2021-09-30,18 23 26 32 46 49,54
00626,2021-09-28,7 22 25 40 49 50,37
00625,2021-09-25,7 20 27 43 48 51,37
00624,2021-09-23,6 7 21 25 27 49,26
00623,2021-09-21,15 24 25 40 42 50,49
00622,2021-09-18,3 14 15 21 47 52,54
00621,2021-09-16,10 16 40 43 45 46,22
00620,2021-09-14,17 22 30 40 43 44,41
00619,2021-09-11,8 17 20 36 39 44,30
00618,2021-09-09,6 8 10 23 39 44,43
00617,2021-09-07,19 30 35 43 47 55,12
00616,2021-09-04,11 12 32 42 43 51,31
00615,2021-09-02,1 8 12 26 28 45,43
00614,2021-08-31,7 20 37 47 51 53,5
00613,2021-08-28,10 16 26 27 34 48,51
00612,2021-08-26,11 13 20 51 53 55,4
00611,2021-08-24,2 4 7 18 30 35,20
00610,2021-08-21,22 24 27 37 38 48,14
00609,2021-08-19,5 9 12 20 43 51,13
00608,2021-07-22,2 20 24 39 46 53,55
00607,2021-07-20,2 8 11 13 17 26,53
00606,2021-07-17,2 7 11 21 31 42,45
00605,2021-07-15,3 4 12 16 30 50,20
00604,2021-07-13,5 11 18 27 34 43,42
00603,2021-07-10,7 8 17 37 47 48,27
00602,2021-07-08,3 32 34 42 44 54,35
00601,2021-07-06,17 20 22 24 30 54,51
00600,2021-07-03,4 25 30 38 50 55,53
00599,2021-07-01,4 15 28 30 49 52,55
00598,2021-06-29,5 14 24 36 44 55,48
00597,2021-06-26,6 16 17 20 49 52,27
00596,2021-06-24,3 16 17 24 41 44,37
00595,2021-06-22,3 9 32 33 41 43,40
00594,2021-06-19,1 3 7 13 28 45,33
00593,2021-06-17,18 23 38 41 44 55,40
00592,2021-06-15,11 18 21 22 30 55,35
00591,2021-06-12,4 16 17 20 27 44,30
00590,2021-06-10,11 22 24 27 43 54,45
00589,2021-06-08,16 28 33 41 42 54,12
00588,2021-06-05,14 22 25 39 41 52,17
00587,2021-06-03,4 8 21 24 26 47,43
00586,2021-06-01,6 12 14 27 43 45,38
00585,2021-05-29,2 11 31 37 43 55,14
00584,2021-05-27,3 7 18 22 40 46,14
00583,2021-05-25,6 10 33 35 36 43,8
00582,2021-05-22,15 27 37 45 46 52,31
00581,2021-05-20,7 10 12 19 42 54,24
00580,2021-05-18,6 7 22 32 38 47,27
00579,2021-05-15,1 5 6 13 23 27,46
00578,2021-05-13,13 24 25 35 39 41,29
00577,2021-05-11,1 14 41 44 46 53,48
00576,2021-05-08,14 23 26 37 42 51,40
00575,2021-05-06,15 19 24 31 44 53,32
00574,2021-05-04,7 24 45 48 49 53,14
00573,2021-05-01,3 7 14 22 41 42,10
00572,2021-04-29,3 9 23 33 42 44,50
00571,2021-04-27,3 9 22 26 32 37,41
00570,2021-04-24,1 4 5 21 25 44,45
00569,2021-04-22,5 11 17 25 39 48,22
00568,2021-04-20,18 25 38 43 47 51,11
00567,2021-04-17,4 15 16 29 42 46,36
00566,2021-04-15,5 8 27 42 47 51,36
00565,2021-04-13,25 33 39 45 49 55,36
00564,2021-04-10,12 13 16 17 27 47,49
00563,2021-04-08,8 11 16 22 28 30,45
00562,2021-04-06,27 33 34 38 46 48,5
00561,2021-04-03,2 4 34 38 41 55,19
00560,2021-04-01,13 18 24 34 38 54,8
00559,2021-03-30,2 11 17 19 47 51,22
00558,2021-03-27,5 11 17 20 26 37,12
00557,2021-03-25,19 20 24 29 36 39,22
00556,2021-03-23,9 13 17 33 34 53,31
00555,2021-03-20,16 18 20 25 35 36,17
00554,2021-03-18,17 24 38 41 46 54,51
00553,2021-03-16,3 31 45 46 49 54,40
00552,2021-03-13,7 19 20 23 36 55,9
00551,2021-03-11,4 5 12 25 43 44,27
00550,2021-03-09,15 18 29 35 47 54,20
00549,2021-03-06,18 24 34 39 46 55,4
00548,2021-03-04,2 9 21 23 33 41,45
00547,2021-03-02,23 29 45 46 49 51,1
00546,2021-02-27,6 11 24 30 50 52,22
00545,2021-02-25,9 19 32 40 45 51,1
00544,2021-02-23,16 19 21 23 30 48,6
00543,2021-02-20,1 2 4 32 34 39,20
00542,2021-02-18,2 5 10 22 26 47,53
00541,2021-02-16,4 10 11 21 23 44,50
00540,2021-02-13,3 11 14 31 34 42,24
00539,2021-02-09,15 20 21 29 31 41,34
00538,2021-02-06,6 22 32 33 35 53,12
00537,2021-02-04,28 43 44 50 51 53,13
00536,2021-02-02,4 13 31 36 40 54,30
00535,2021-01-30,2 7 17 18 21 29,19
00534,2021-01-28,3 4 16 34 40 55,2
00533,2021-01-26,7 16 32 42 44 47,35
00532,2021-01-23,12 31 39 41 45 55,34
00531,2021-01-21,9 20 22 31 47 52,18
00530,2021-01-19,5 22 25 43 48 53,18
00529,2021-01-16,13 15 28 29 32 44,49
00528,2021-01-14,1 4 42 44 46 50,9
00527,2021-01-12,19 23 29 34 44 53,35
00526,2021-01-09,10 19 24 29 46 48,5
00525,2021-01-07,7 11 22 38 48 51,53
00524,2021-01-05,5 7 9 22 42 54,47
00523,2021-01-02,7 19 23 26 35 45,11
00522,2020-12-31,2 15 25 27 37 51,53
00521,2020-12-29,4 8 11 15 17 41,23
00520,2020-12-26,1 24 33 41 43 51,48
00519,2020-12-24,11 19 34 41 44 48,43
00518,2020-12-22,10 11 16 29 35 38,3
00517,2020-12-19,14 20 32 34 37 49,31
00516,2020-12-17,15 25 27 35 40 48,45
00515,2020-12-15,10 11 13 35 38 49,14
00514,2020-12-12,3 14 32 36 41 46,54
00513,2020-12-10,3 31 34 36 44 54,45
00512,2020-12-08,2 17 32 33 38 45,37
00511,2020-12-05,10 28 29 30 37 38,36
00510,2020-12-03,5 19 32 41 42 45,17
00509,2020-12-01,6 10 12 24 34 43,15
00508,2020-11-28,1 20 36 44 45 49,52
00507,2020-11-26,18 19 29 31 36 52,50
00506,2020-11-24,4 7 19 20 22 53,23
00505,2020-11-21,8 14 19 20 49 51,28
00504,2020-11-19,12 15 23 28 45 48,43
00503,2020-11-17,6 17 27 34 36 51,48
00502,2020-11-14,5 11 15 34 44 48,35
00501,2020-11-12,4 20 22 25 43 47,12
00500,2020-11-10,2 5 19 39 48 53,6
00499,2020-11-07,12 28 30 33 45 52,15
00498,2020-11-05,1 2 6 18 34 51,52
00497,2020-11-03,2 22 27 46 48 52,23
00496,2020-10-31,8 18 19 20 43 54,50
00495,2020-10-29,9 11 14 16 21 23,54
00494,2020-10-27,3 31 33 36 38 39,8
00493,2020-10-24,12 21 22 27 41 50,34
00492,2020-10-22,2 3 12 21 24 38,14
00491,2020-10-20,8 33 38 47 49 54,31
00490,2020-10-17,3 14 25 37 49 54,53
00489,2020-10-15,8 38 41 47 50 52,45
00488,2020-10-13,12 19 28 29 52 53,20
00487,2020-10-10,5 10 47 50 53 54,22
00486,2020-10-08,10 18 20 21 26 51,52
00485,2020-10-06,11 14 29 32 33 40,35
00484,2020-10-03,12 14 22 23 39 44,28
00483,2020-10-01,3 6 7 19 38 54,50
00482,2020-09-29,1 6 7 13 30 55,34
00481,2020-09-26,7 10 13 15 40 48,1
00480,2020-09-24,12 28 41 42 52 53,50
00479,2020-09-22,5 8 15 18 36 45,6
00478,2020-09-19,4 7 8 29 31 41,38
00477,2020-09-17,1 5 28 43 44 53,49
00476,2020-09-15,13 14 15 17 26 53,21
00475,2020-09-12,20 21 24 30 31 44,40
00474,2020-09-10,18 25 27 37 45 50,52
00473,2020-09-08,22 47 48 52 53 55,14
00472,2020-09-05,9 12 19 22 31 46,20
00471,2020-09-03,7 9 18 22 35 54,50
00470,2020-09-01,11 22 24 47 49 53,3
00469,2020-08-29,1 4 14 28 35 53,2
00468,2020-08-25,21 35 36 38 44 47,14
00467,2020-08-22,1 20 24 26 35 51,12
00466,2020-08-20,14 18 28 32 33 36,41
00465,2020-08-18,22 41 44 46 51 52,2
00464,2020-08-15,1 11 29 30 41 51,4
00463,2020-08-13,3 25 28 44 49 54,19
00462,2020-08-11,2 12 33 39 52 53,44
00461,2020-08-08,3 12 24 26 36 43,8
00460,2020-08-06,2 5 21 24 26 27,11
00459,2020-08-04,10 15 20 21 32 51,8
00458,2020-08-01,13 18 29 30 40 47,4
00457,2020-07-30,6 7 16 26 29 54,4
00456,2020-07-28,3 11 20 34 44 54,16
00455,2020-07-25,2 19 21 34 54 55,24
00454,2020-07-23,4 12 31 47 49 52,2
00453,2020-07-21,6 14 31 37 38 44,4
00452,2020-07-18,3 13 22 28 30 53,16
00451,2020-07-16,2 5 11 20 24 32,6
00450,2020-07-14,5 22 32 34 43 51,12
00449,2020-07-11,3 4 6 14 20 38,35
00448,2020-07-09,3 10 11 17 26 54,21
00447,2020-07-07,7 24 32 35 48 50,1
00446,2020-07-04,3 9 10 18 29 45,36
00445,2020-07-02,4 10 20 38 48 53,5
00444,2020-06-30,5 11 18 19 20 21,52
00443,2020-06-27,2 6 38 47 50 53,14
00442,2020-06-25,9 10 12 19 27 40,55
00441,2020-06-23,2 18 28 46 52 54,19
00440,2020-06-20,5 9 33 43 44 50,46
00439,2020-06-18,5 18 27 45 50 54,9
00438,2020-06-16,2 15 16 23 33 54,45
00437,2020-06-13,7 9 11 30 43 53,10
00436,2020-06-11,3 21 25 32 35 52,34
00435,2020-06-09,1 3 8 22 42 48,44
00434,2020-06-06,8 12 24 32 35 51,21
00433,2020-06-04,6 12 16 34 39 54,19
00432,2020-06-02,4 19 31 42 48 55,22
00431,2020-05-30,12 13 41 42 48 53,20
00430,2020-05-28,1 4 8 21 44 49,52
00429,2020-05-26,11 12 23 24 34 47,43
00428,2020-05-23,4 13 27 47 50 55,31
00427,2020-05-21,2 15 22 25 30 46,10
00426,2020-05-19,5 15 16 19 49 55,3
00425,2020-05-16,19 35 38 49 52 55,1
00424,2020-05-14,7 23 29 47 51 55,12
00423,2020-05-12,1 8 25 34 38 44,28
00422,2020-05-09,18 19 30 39 45 46,11
00421,2020-05-07,9 19 28 30 32 54,22
00420,2020-05-05,1 4 13 15 18 20,22
00419,2020-05-02,2 6 9 16 43 53,19
00418,2020-04-30,12 31 32 33 39 41,14
00417,2020-04-28,4 6 10 16 30 46,34
00416,2020-04-25,4 18 24 30 53 55,13
00415,2020-03-31,12 19 40 41 43 53,23
00414,2020-03-28,1 10 11 13 27 55,19
00413,2020-03-26,7 8 11 31 35 36,45
00412,2020-03-24,3 9 20 21 33 52,50
00411,2020-03-21,10 12 14 17 29 53,25
00410,2020-03-19,3 35 41 42 43 49,31
00409,2020-03-17,1 14 18 43 49 50,8
00408,2020-03-14,12 20 25 38 39 40,37
00407,2020-03-12,2 14 19 24 27 34,48
00406,2020-03-10,23 25 30 36 45 52,53
00405,2020-03-07,5 11 21 30 40 48,20
00404,2020-03-05,8 9 34 40 41 54,13
00403,2020-03-03,14 15 31 40 43 49,12
00402,2020-02-29,9 17 23 26 51 54,32
00401,2020-02-27,3 11 21 29 47 55,50
00400,2020-02-25,5 13 21 36 39 48,6
00399,2020-02-22,7 24 32 49 51 54,44
00398,2020-02-20,1 3 20 33 36 51,49
00397,2020-02-18,27 32 36 37 47 48,50
00396,2020-02-15,26 36 37 38 42 49,46
00395,2020-02-13,25 28 32 34 35 39,7
00394,2020-02-11,4 14 18 21 32 53,2
00393,2020-02-08,9 12 19 25 41 54,38
00392,2020-02-06,13 18 34 36 45 49,37
00391,2020-02-04,6 10 20 47 52 55,46
00390,2020-02-01,2 3 11 23 35 54,6
00389,2020-01-30,12 18 28 30 47 50,41
00388,2020-01-28,1 20 24 33 40 55,46
00387,2020-01-23,9 15 18 25 31 49,46
00386,2020-01-21,14 31 45 47 52 54,13
00385,2020-01-18,13 18 19 23 32 43,11
00384,2020-01-16,10 11 26 33 44 46,55
00383,2020-01-14,3 4 17 39 50 51,53
00382,2020-01-11,8 11 17 19 25 47,53
00381,2020-01-09,17 20 21 29 52 54,51
00380,2020-01-07,8 11 16 22 42 54,13
00379,2020-01-04,4 14 26 42 44 55,48
00378,2020-01-02,12 14 26 29 33 40,50
00377,2019-12-31,2 22 26 28 44 55,27
00376,2019-12-28,10 17 26 28 29 32,21
00375,2019-12-26,5 6 12 18 23 54,26
00374,2019-12-24,3 16 30 34 50 55,48
00373,2019-12-21,5 8 20 34 37 42,51
00372,2019-12-19,18 22 25 28 29 34,50
00371,2019-12-17,4 5 14 19 22 37,43
00370,2019-12-14,3 30 33 34 40 47,26
00369,2019-12-12,1 9 15 42 49 50,48
00368,2019-12-10,5 20 33 42 43 49,26
00367,2019-12-07,7 18 38 42 47 51,8
00366,2019-12-05,9 11 16 27 35 40,51
00365,2019-12-03,21 29 36 41 50 52,42
00364,2019-11-30,8 9 10 32 44 50,15
00363,2019-11-28,1 18 26 28 53 55,14
00362,2019-11-26,7 19 38 41 42 47,4
00361,2019-11-23,7 29 30 45 50 55,15
00360,2019-11-21,21 24 35 38 42 47,34
00359,2019-11-19,19 21 33 35 38 40,4
00358,2019-11-16,6 8 18 22 49 52,10
00357,2019-11-14,9 12 16 36 41 55,35
00356,2019-11-12,10 17 24 27 36 39,33
00355,2019-11-09,1 3 6 25 29 41,12
00354,2019-11-07,1 12 19 37 44 52,18
00353,2019-11-05,3 6 16 17 44 50,28
00352,2019-11-02,2 15 34 35 48 50,32
00351,2019-10-31,18 19 22 37 47 48,46
00350,2019-10-29,12 15 16 31 43 55,11
00349,2019-10-26,18 20 22 50 51 53,35
00348,2019-10-24,9 14 23 41 45 50,13
00347,2019-10-22,2 16 26 27 36 40,31
00346,2019-10-19,1 10 21 26 42 43,25
00345,2019-10-17,5 11 14 34 51 53,16
00344,2019-10-15,9 12 29 46 48 53,3
00343,2019-10-12,21 39 48 51 53 55,5
00342,2019-10-10,4 17 42 51 53 55,29
00341,2019-10-08,8 36 39 43 48 50,40
00340,2019-10-05,10 29 30 31 37 51,50
00339,2019-10-03,4 7 8 26 37 44,29
00338,2019-10-01,5 22 38 41 47 49,29
00337,2019-09-28,4 8 21 23 40 43,44
00336,2019-09-26,7 12 38 43 51 55,15
00335,2019-09-24,12 33 39 40 48 53,35
00334,2019-09-21,2 5 23 30 42 45,34
00333,2019-09-19,2 8 22 34 39 41,13
00332,2019-09-17,3 14 26 38 43 47,10
00331,2019-09-14,10 36 42 44 45 54,14
00330,2019-09-12,18 29 32 33 45 49,40
00329,2019-09-10,6 9 19 39 50 54,37
00328,2019-09-07,7 17 31 35 38 46,16
00327,2019-09-05,20 24 27 30 33 45,21
00326,2019-09-03,13 14 29 35 41 55,25
00325,2019-08-31,13 20 23 32 51 52,42
00324,2019-08-29,10 11 12 23 27 48,9
00323,2019-08-27,16 22 29 33 46 47,55
00322,2019-08-24,19 20 34 40 49 51,1
00321,2019-08-22,4 7 16 17 30 39,27
00320,2019-08-20,10 30 38 48 54 55,46
00319,2019-08-17,9 11 24 26 38 53,41
00318,2019-08-15,19 25 31 32 39 47,8
00317,2019-08-13,4 8 16 27 32 40,23
00316,2019-08-10,7 17 36 42 43 50,44
00315,2019-08-08,1 6 17 18 21 41,22
00314,2019-08-06,9 11 19 20 26 42,17
00313,2019-08-03,13 24 25 26 27 30,4
00312,2019-08-01,1 18 39 45 48 49,26
00311,2019-07-30,3 8 12 21 32 51,7
00310,2019-07-27,2 3 25 33 44 50,17
00309,2019-07-25,3 31 34 41 52 53,16
00308,2019-07-23,5 10 21 32 39 52,41
00307,2019-07-20,15 18 25 32 42 52,10
00306,2019-07-18,4 24 29 31 39 41,38
00305,2019-07-16,4 12 19 31 33 40,51
00304,2019-07-13,5 23 29 45 50 52,1
00303,2019-07-11,6 9 15 26 35 38,34
00302,2019-07-09,4 17 25 40 42 51,2
00301,2019-07-06,5 29 36 39 46 53,48
00300,2019-07-04,4 5 14 46 52 54,3
00299,2019-07-02,2 9 33 45 52 54,1
00298,2019-06-29,6 10 19 31 34 43,37
00297,2019-06-27,9 29 32 44 49 53,5
00296,2019-06-25,3 14 34 35 40 49,23
00295,2019-06-22,1 9 23 28 42 54,49
00294,2019-06-20,9 15 23 41 49 51,52
00293,2019-06-18,24 31 45 46 47 54,4
00292,2019-06-15,13 23 40 45 52 55,9
00291,2019-06-13,6 9 15 22 29 53,25
00290,2019-06-11,2 5 13 20 30 49,35
00289,2019-06-08,2 8 10 23 27 35,47
00288,2019-06-06,10 13 30 36 51 54,16
00287,2019-06-04,18 20 24 26 33 41,55
00286,2019-06-01,10 24 31 41 42 47,20
00285,2019-05-30,17 31 33 34 37 40,35
00284,2019-05-28,15 22 31 32 33 37,51
00283,2019-05-25,4 12 35 44 50 55,19
00282,2019-05-23,13 21 33 42 53 55,44
00281,2019-05-21,11 12 29 31 37 53,41
00280,2019-05-18,6 10 13 18 29 38,53
00279,2019-05-16,8 28 30 33 40 43,24
00278,2019-05-14,6 11 15 21 30 40,10
00277,2019-05-11,6 11 20 22 26 28,36
00276,2019-05-09,19 21 48 49 54 55,27
00275,2019-05-07,3 6 7 8 9 49,24
00274,2019-05-04,1 2 3 17 26 53,50
00273,2019-05-02,2 10 16 17 33 36,20
00272,2019-04-30,3 5 13 40 41 45,52
00271,2019-04-27,1 11 22 26 33 51,4
00270,2019-04-25,16 22 23 33 36 38,45
00269,2019-04-23,20 21 22 31 43 45,30
00268,2019-04-20,8 10 12 24 40 44,51
00267,2019-04-18,7 8 15 24 26 48,10
00266,2019-04-16,16 29 32 33 52 53,5
00265,2019-04-13,9 13 20 21 36 43,32
00264,2019-04-11,1 8 31 32 37 55,53
00263,2019-04-09,10 14 19 36 48 49,3
00262,2019-04-06,1 20 30 41 46 50,48
00261,2019-04-04,16 26 29 38 47 51,13
00260,2019-04-02,1 4 9 20 22 26,48
00259,2019-03-30,3 15 18 35 50 54,32
00258,2019-03-28,3 23 37 43 44 49,27
00257,2019-03-26,15 19 28 40 44 48,14
00256,2019-03-23,3 9 30 41 46 52,22
00255,2019-03-21,7 18 32 42 46 53,28
00254,2019-03-19,8 28 32 35 40 45,34
00253,2019-03-16,10 18 22 24 35 40,53
00252,2019-03-14,18 21 25 35 44 53,4
00251,2019-03-12,9 16 26 34 44 49,19
00250,2019-03-09,18 24 31 34 35 44,52
00249,2019-03-07,2 14 20 33 41 47,27
00248,2019-03-05,1 15 23 51 53 55,26
00247,2019-03-02,1 2 3 20 46 48,31
00246,2019-02-28,4 15 19 34 40 42,49
00245,2019-02-26,8 9 16 34 42 43,45
00244,2019-02-23,16 19 30 39 43 52,21
00243,2019-02-21,3 10 11 15 29 34,50
00242,2019-02-19,12 18 22 29 32 52,51
00241,2019-02-16,5 8 14 28 37 40,41
00240,2019-02-14,8 15 26 41 43 53,46
00239,2019-02-12,1 12 17 34 48 49,47
00238,2019-02-09,2 14 15 44 46 50,18
00237,2019-02-07,20 27 28 32 47 50,41
00236,2019-02-02,11 23 27 35 36 46,37
00235,2019-01-31,10 19 20 28 34 44,29
00234,2019-01-29,15 20 26 41 45 55,10
00233,2019-01-26,20 27 33 43 53 54,48
00232,2019-01-24,31 35 38 44 49 55,24
00231,2019-01-22,1 14 22 40 52 55,21
00230,2019-01-19,13 29 42 46 51 53,36
00229,2019-01-17,13 14 22 34 35 55,54
00228,2019-01-15,4 6 13 22 29 30,52
00227,2019-01-12,7 13 14 26 42 54,11
00226,2019-01-10,12 22 31 35 40 47,8
00225,2019-01-08,3 5 9 11 45 48,40
00224,2019-01-05,10 11 38 47 53 55,51
00223,2019-01-03,23 31 37 45 49 54,18
00222,2019-01-01,2 19 21 27 37 46,12
00221,2018-12-29,8 36 42 43 50 52,30
00220,2018-12-27,5 20 33 42 43 50,40
00219,2018-12-25,3 9 17 21 23 51,15
00218,2018-12-22,3 8 16 35 39 52,29
00217,2018-12-20,8 17 24 33 34 44,55
00216,2018-12-18,1 9 15 17 25 26,8
00215,2018-12-15,14 17 49 52 53 55,12
00214,2018-12-13,2 11 14 36 49 55,53
00213,2018-12-11,1 5 11 37 39 44,31
00212,2018-12-08,3 6 9 31 48 54,53
00211,2018-12-06,9 13 23 27 39 42,49
00210,2018-12-04,10 13 16 23 30 49,24
00209,2018-12-01,3 5 12 20 25 33,41
00208,2018-11-29,10 23 27 42 51 52,20
00207,2018-11-27,3 5 23 28 35 44,8
00206,2018-11-24,3 10 11 25 40 54,17
00205,2018-11-22,17 22 24 28 37 44,6
00204,2018-11-20,9 23 33 40 44 49,17
00203,2018-11-17,12 22 26 29 45 47,15
00202,2018-11-15,13 16 21 40 49 52,54
00201,2018-11-13,3 25 26 32 41 47,5
00200,2018-11-10,3 5 19 22 29 39,15
00199,2018-11-08,22 28 31 39 52 53,14
00198,2018-11-06,19 22 23 43 47 53,3
00197,2018-11-03,14 17 20 23 25 45,34
00196,2018-11-01,3 11 15 42 44 54,41
00195,2018-10-30,1 12 22 27 30 39,46
00194,2018-10-27,8 9 15 21 44 49,16
00193,2018-10-25,16 23 29 31 45 48,19
00192,2018-10-23,1 3 6 13 21 30,36
00191,2018-10-20,2 5 10 17 35 41,21
00190,2018-10-18,1 11 22 34 42 47,30
00189,2018-10-16,5 28 29 34 42 46,17
00188,2018-10-13,12 21 23 44 47 48,43
00187,2018-10-11,5 16 17 37 46 49,35
00186,2018-10-09,10 27 46 50 51 55,1
00185,2018-10-06,5 6 16 42 48 51,3
00184,2018-10-04,3 9 12 17 34 42,46
00183,2018-10-02,3 7 28 32 33 37,22
00182,2018-09-29,3 7 12 32 34 55,38
00181,2018-09-27,8 12 29 35 51 54,34
00180,2018-09-25,2 3 6 13 14 17,9
00179,2018-09-22,1 8 17 28 40 50,21
00178,2018-09-20,3 32 35 46 47 49,51
00177,2018-09-18,8 21 32 43 48 53,38
00176,2018-09-15,2 5 28 30 46 50,49
00175,2018-09-13,4 6 7 26 40 44,9
00174,2018-09-11,13 17 28 42 45 49,50
00173,2018-09-08,9 11 12 24 35 43,15
00172,2018-09-06,4 11 15 21 24 27,7
00171,2018-09-04,8 18 20 29 34 37,51
00170,2018-09-01,2 8 20 21 28 36,5
00169,2018-08-30,5 22 28 42 49 54,36
00168,2018-08-28,2 10 15 31 39 48,23
00167,2018-08-25,10 11 15 32 40 48,27
00166,2018-08-23,14 18 27 38 39 53,2
00165,2018-08-21,9 12 14 23 32 46,31
00164,2018-08-18,7 33 36 39 51 55,11
00163,2018-08-16,6 10 34 46 48 51,47
00162,2018-08-14,29 30 36 38 45 52,46
00161,2018-08-11,16 17 31 33 42 44,14
00160,2018-08-09,24 29 32 33 49 55,9
00159,2018-08-07,3 9 15 20 39 49,4
00158,2018-08-04,11 12 24 32 41 48,3
00157,2018-08-02,6 11 16 17 41 55,7
00156,2018-07-31,1 5 27 31 47 50,41
00155,2018-07-28,11 16 22 25 30 40,9
00154,2018-07-26,21 24 33 37 40 46,52
00153,2018-07-24,11 18 34 37 50 53,20
00152,2018-07-21,7 31 33 37 46 52,28
00151,2018-07-19,11 13 28 34 44 47,10
00150,2018-07-17,5 14 22 27 31 40,48
00149,2018-07-14,4 19 23 34 38 50,1
00148,2018-07-12,8 15 18 21 24 49,22
00147,2018-07-10,6 10 16 20 27 29,24
00146,2018-07-07,2 30 45 48 49 53,41
00145,2018-07-05,4 15 22 24 43 51,48
00144,2018-07-03,30 32 34 47 48 49,50
00143,2018-06-30,3 12 23 24 30 33,1
00142,2018-06-28,11 31 33 43 48 51,23
00141,2018-06-26,17 18 21 39 40 43,3
00140,2018-06-23,6 8 13 23 46 55,1
00139,2018-06-21,2 8 19 23 25 33,32
00138,2018-06-19,16 17 31 37 41 52,34
00137,2018-06-16,14 15 21 30 44 47,48
00136,2018-06-14,3 15 32 45 48 54,55
00135,2018-06-12,4 13 23 27 29 35,14
00134,2018-06-09,9 23 25 39 52 53,38
00133,2018-06-07,11 16 18 26 46 47,42
00132,2018-06-05,11 21 26 32 51 52,5
00131,2018-06-02,5 7 17 22 32 33,6
00130,2018-05-31,3 15 18 25 26 29,19
00129,2018-05-29,9 13 17 18 46 50,26
00128,2018-05-26,7 12 28 31 40 44,15
00127,2018-05-24,24 25 26 29 36 48,40
00126,2018-05-22,4 5 8 17 35 47,39
00125,2018-05-19,33 35 45 52 53 55,25
00124,2018-05-17,13 31 38 45 53 55,46
00123,2018-05-15,3 6 29 37 44 49,24
00122,2018-05-12,1 9 26 38 54 55,51
00121,2018-05-10,2 6 8 34 39 43,11
00120,2018-05-08,3 16 23 24 38 42,48
00119,2018-05-05,16 32 33 37 40 48,15
00118,2018-05-03,23 27 33 37 39 49,44
00117,2018-05-01,1 7 20 23 25 38,14
00116,2018-04-28,12 19 22 29 32 46,25
00115,2018-04-26,23 26 29 31 36 54,55
00114,2018-04-24,17 18 24 40 41 46,6
00113,2018-04-21,16 18 41 43 46 55,35
00112,2018-04-19,4 17 19 35 49 55,9
00111,2018-04-17,2 10 26 27 31 38,39
00110,2018-04-14,2 10 14 26 45 54,20
00109,2018-04-12,4 29 35 37 42 54,19
00108,2018-04-10,1 22 25 31 36 48,41
00107,2018-04-07,12 24 33 34 36 53,5
00106,2018-04-05,7 9 17 25 31 32,6
00105,2018-04-03,20 21 39 42 51 53,1
00104,2018-03-31,3 7 31 43 51 53,26
00103,2018-03-29,5 27 35 39 46 52,31
00102,2018-03-27,9 13 14 15 54 55,22
00101,2018-03-24,1 30 38 45 48 50,12
00100,2018-03-22,1 8 24 33 34 41,20
00099,2018-03-20,11 40 43 46 49 55,37
00098,2018-03-17,3 14 28 35 50 52,29
00097,2018-03-15,15 20 23 28 39 49,19
00096,2018-03-13,1 2 17 46 47 49,44
00095,2018-03-10,9 20 27 31 48 49,42
00094,2018-03-08,14 17 18 23 41 52,40
00093,2018-03-06,2 6 13 22 40 48,12
00092,2018-03-03,4 10 32 37 47 52,49
00091,2018-03-01,4 5 7 17 20 38,9
00090,2018-02-27,8 16 23 28 44 49,45
00089,2018-02-24,5 7 24 32 45 49,1
00088,2018-02-22,11 14 32 36 42 48,20
00087,2018-02-20,1 2 21 24 50 52,33
00086,2018-02-17,16 22 28 29 35 43,45
00085,2018-02-13,9 25 26 30 42 54,19
00084,2018-02-10,8 10 19 25 36 46,7
00083,2018-02-08,21 22 29 37 41 50,33
00082,2018-02-06,1 20 29 31 43 53,16
00081,2018-02-03,12 29 42 48 54 55,18
00080,2018-02-01,1 7 8 9 39 43,52
00079,2018-01-30,15 19 24 51 53 55,29
00078,2018-01-27,21 26 36 38 40 50,11
00077,2018-01-25,1 10 30 44 45 50,4
00076,2018-01-23,3 10 15 23 41 53,35
00075,2018-01-20,2 7 15 16 41 45,19
00074,2018-01-18,12 24 28 30 36 39,15
00073,2018-01-16,6 27 33 41 42 49,22
00072,2018-01-13,3 21 25 26 51 55,37
00071,2018-01-11,4 7 30 35 37 45,1
00070,2018-01-09,18 25 28 46 50 51,15
00069,2018-01-06,4 11 24 35 41 45,17
00068,2018-01-04,1 7 31 35 46 55,51
00067,2018-01-02,4 7 8 34 37 47,24
00066,2017-12-30,8 9 36 37 39 50,7
00065,2017-12-28,7 18 26 29 31 35,34
00064,2017-12-26,7 11 13 18 26 42,49
00063,2017-12-23,7 8 9 13 28 44,12
00062,2017-12-21,22 23 27 35 37 46,19
00061,2017-12-19,2 3 20 25 38 44,12
00060,2017-12-16,5 23 37 41 43 53,25
00059,2017-12-14,11 12 22 28 46 50,7
00058,2017-12-12,6 7 8 21 32 39,27
00057,2017-12-09,5 34 35 42 49 52,21
00056,2017-12-07,3 14 26 35 44 54,25
00055,2017-12-05,27 38 40 42 46 55,5
00054,2017-12-02,9 37 45 50 53 54,40
00053,2017-11-30,5 13 26 37 53 55,28
00052,2017-11-28,2 19 39 49 51 53,20
00051,2017-11-25,2 9 16 46 52 55,50
00050,2017-11-23,1 2 3 18 25 50,14
00049,2017-11-21,5 8 23 37 38 54,55
00048,2017-11-18,11 12 26 42 50 54,17
00047,2017-11-16,1 16 22 25 47 48,21
00046,2017-11-14,20 24 29 41 47 49,22
00045,2017-11-11,12 26 33 35 36 44,1
00044,2017-11-09,2 3 6 23 34 36,50
00043,2017-11-07,19 32 36 37 42 54,28
00042,2017-11-04,2 8 12 44 46 52,9
00041,2017-11-02,3 9 12 21 51 52,7
00040,2017-10-31,7 13 24 45 47 52,33
00039,2017-10-28,13 18 35 36 41 48,47
00038,2017-10-26,2 10 15 30 34 50,3
00037,2017-10-24,1 2 9 13 32 35,52
00036,2017-10-21,4 9 13 16 18 49,30
00035,2017-10-19,6 15 17 24 40 45,39
00034,2017-10-17,1 26 36 40 50 54,31
00033,2017-10-14,14 18 29 35 44 49,54
00032,2017-10-12,5 8 11 31 37 42,52
00031,2017-10-10,29 33 43 44 45 50,41
00030,2017-10-07,31 34 40 42 43 49,16
00029,2017-10-05,1 3 14 19 35 41,20
00028,2017-10-03,21 31 35 41 46 50,23
00027,2017-09-30,4 17 23 25 34 46,24
00026,2017-09-28,20 27 28 31 39 47,10
00025,2017-09-26,14 15 18 30 36 49,19
00024,2017-09-23,7 8 27 36 44 53,49
00023,2017-09-21,9 12 16 24 43 51,39
00022,2017-09-19,3 32 36 41 44 53,45
00021,2017-09-16,9 12 21 26 29 52,24
00020,2017-09-14,22 23 32 43 44 51,15
00019,2017-09-12,6 10 12 47 48 51,35
00018,2017-09-09,1 15 23 36 43 54,12
00017,2017-09-07,4 18 22 31 32 40,8
00016,2017-09-05,1 2 8 13 23 39,9
00015,2017-09-02,5 9 11 18 19 37,50
00014,2017-08-31,8 20 27 35 36 47,18
00013,2017-08-29,4 12 15 23 24 41,44
00012,2017-08-26,17 25 30 31 36 41,20
00011,2017-08-24,5 16 18 37 42 46,10
00010,2017-08-22,10 24 31 32 38 44,14
00009,2017-08-19,7 11 13 15 26 51,36
00008,2017-08-17,11 12 20 30 32 34,53
00007,2017-08-15,7 11 19 32 33 51,30
00006,2017-08-12,6 16 20 32 38 51,34
00005,2017-08-10,10 11 19 41 50 54,3
00004,2017-08-08,19 36 39 41 46 51,38
00003,2017-08-05,1 5 11 32 40 45,43
00002,2017-08-03,4 9 24 25 27 45,40
00001,2017-08-01,5 10 14 23 24 38,35
