draw_id,play,tier,pattern,numbers,note,winners,value
00765,d6,Giải Đặc biệt,,273 166,,0,2000000000
00765,d6,Giải phụ Đặc biệt,,166 273,,0,400000000
00765,d6,Giải Nhất,,171 549 956 623,Trùng 2 bộ ba số bất kỳ trong 4 bộ ba số,10,30000000
00765,d6,Giải Nhì,,316 168 821 014 894 352,Trùng 2 bộ ba số bất kỳ trong 6 bộ ba số,9,10000000
00765,d6,Giải Ba,,269 324 676 556 313 214 134 749,Trùng 2 bộ ba số bất kỳ trong 8 bộ ba số,15,4000000
00765,d6,Giải tư,,273 166 171 549 956 623 316 168 821 014 894 352 269 324 676 556 313 214 134 749,Trùng 2 bộ ba số bất kỳ trong 20 bộ ba số,84,1000000
00765,d6,Giải năm,,273 166,Trùng 1 bộ ba số bất kỳ trong 2 bộ ba số,743,100000
00765,d6,Giải sáu,,171 549 956 623 316 168 821 014 894 352 269 324 676 556 313 214 134 749,Trùng 1 bộ ba số bất kỳ trong 18 bộ ba số,6771,40000
00764,d6,Giải Đặc biệt,,712 106,,0,2000000000
00764,d6,Giải phụ Đặc biệt,,106 712,,0,400000000
00764,d6,Giải Nhất,,430 059 771 643,Trùng 2 bộ ba số bất kỳ trong 4 bộ ba số,2,30000000
00764,d6,Giải Nhì,,544 454 046 263 501 352,Trùng 2 bộ ba số bất kỳ trong 6 bộ ba số,7,10000000
00764,d6,Giải Ba,,073 678 877 788 796 597 340 340,Trùng 2 bộ ba số bất kỳ trong 8 bộ ba số,11,4000000
00764,d6,Giải tư,,712 106 430 059 771 643 544 454 046 263 501 352 073 678 877 788 796 597 340 340,Trùng 2 bộ ba số bất kỳ trong 20 bộ ba số,59,1000000
00764,d6,Giải năm,,712 106,Trùng 1 bộ ba số bất kỳ trong 2 bộ ba số,550,100000
00764,d6,Giải sáu,,430 059 771 643 544 454 046 263 501 352 073 678 877 788 796 597 340 340,Trùng 1 bộ ba số bất kỳ trong 18 bộ ba số,5712,40000
00763,d6,Giải Đặc biệt,,700 499,,0,2000000000
00763,d6,Giải phụ Đặc biệt,,499 700,,0,400000000
00763,d6,Giải Nhất,,700 340 279 041,Trùng 2 bộ ba số bất kỳ trong 4 bộ ba số,0,30000000
00763,d6,Giải Nhì,,960 925 595 057 332 985,Trùng 2 bộ ba số bất kỳ trong 6 bộ ba số,6,10000000
00763,d6,Giải Ba,,236 683 465 015 734 729 159 953,Trùng 2 bộ ba số bất kỳ trong 8 bộ ba số,4,4000000
00763,d6,Giải tư,,700 499 700 340 279 041 960 925 595 057 332 985 236 683 465 015 734 729 159 953,Trùng 2 bộ ba số bất kỳ trong 20 bộ ba số,57,1000000
00763,d6,Giải năm,,700 499,Trùng 1 bộ ba số bất kỳ trong 2 bộ ba số,346,100000
00763,d6,Giải sáu,,700 340 279 041 960 925 595 057 332 985 236 683 465 015 734 729 159 953,Trùng 1 bộ ba số bất kỳ trong 18 bộ ba số,6062,40000
00762,d6,Giải Đặc biệt,,058 032,,0,2000000000
00762,d6,Giải phụ Đặc biệt,,032 058,,0,400000000
00762,d6,Giải Nhất,,087 294 562 191,Trùng 2 bộ ba số bất kỳ trong 4 bộ ba số,6,30000000
00762,d6,Giải Nhì,,619 295 611 032 835 166,Trùng 2 bộ ba số bất kỳ trong 6 bộ ba số,13,10000000
00762,d6,Giải Ba,,547 484 573 856 922 754 296 624,Trùng 2 bộ ba số bất kỳ trong 8 bộ ba số,18,4000000
00762,d6,Giải tư,,058 032 087 294 562 191 619 295 611 032 835 166 547 484 573 856 922 754 296 624,Trùng 2 bộ ba số bất kỳ trong 20 bộ ba số,96,1000000
00762,d6,Giải năm,,058 032,Trùng 1 bộ ba số bất kỳ trong 2 bộ ba số,596,100000
00762,d6,Giải sáu,,087 294 562 191 619 295 611 032 835 166 547 484 573 856 922 754 296 624,Trùng 1 bộ ba số bất kỳ trong 18 bộ ba số,6400,40000
00761,d6,Giải Đặc biệt,,010 510,,0,2000000000
00761,d6,Giải phụ Đặc biệt,,510 010,,0,400000000
00761,d6,Giải Nhất,,698 840 185 647,Trùng 2 bộ ba số bất kỳ trong 4 bộ ba số,0,30000000
00761,d6,Giải Nhì,,284 714 339 166 214 182,Trùng 2 bộ ba số bất kỳ trong 6 bộ ba số,0,10000000
00761,d6,Giải Ba,,021 941 854 515 600 591 901 598,Trùng 2 bộ ba số bất kỳ trong 8 bộ ba số,12,4000000
00761,d6,Giải tư,,010 510 698 840 185 647 284 714 339 166 214 182 021 941 854 515 600 591 901 598,Trùng 2 bộ ba số bất kỳ trong 20 bộ ba số,53,1000000
00761,d6,Giải năm,,010 510,Trùng 1 bộ ba số bất kỳ trong 2 bộ ba số,512,100000
00761,d6,Giải sáu,,698 840 185 647 284 714 339 166 214 182 021 941 854 515 600 591 901 598,Trùng 1 bộ ba số bất kỳ trong 18 bộ ba số,5604,40000
00760,d6,Giải Đặc biệt,,452 600,,0,2000000000
00760,d6,Giải phụ Đặc biệt,,600 452,,0,400000000
00760,d6,Giải Nhất,,484 745 243 256,Trùng 2 bộ ba số bất kỳ trong 4 bộ ba số,1,30000000
00760,d6,Giải Nhì,,580 006 849 538 564 451,Trùng 2 bộ ba số bất kỳ trong 6 bộ ba số,4,10000000
00760,d6,Giải Ba,,571 794 881 129 804 686 941 374,Trùng 2 bộ ba số bất kỳ trong 8 bộ ba số,8,4000000
00760,d6,Giải tư,,452 600 484 745 243 256 580 006 849 538 564 451 571 794 881 129 804 686 941 374,Trùng 2 bộ ba số bất kỳ trong 20 bộ ba số,48,1000000
00760,d6,Giải năm,,452 600,Trùng 1 bộ ba số bất kỳ trong 2 bộ ba số,459,100000
00760,d6,Giải sáu,,484 745 243 256 580 006 849 538 564 451 571 794 881 129 804 686 941 374,Trùng 1 bộ ba số bất kỳ trong 18 bộ ba số,5102,40000
00759,d6,Giải Đặc biệt,,218 463,,0,2000000000
00759,d6,Giải phụ Đặc biệt,,463 218,,0,400000000
00759,d6,Giải Nhất,,180 340 498 482,Trùng 2 bộ ba số bất kỳ trong 4 bộ ba số,0,30000000
00759,d6,Giải Nhì,,668 842 184 284 328 437,Trùng 2 bộ ba số bất kỳ trong 6 bộ ba số,0,10000000
00759,d6,Giải Ba,,625 224 316 089 339 606 287 262,Trùng 2 bộ ba số bất kỳ trong 8 bộ ba số,9,4000000
00759,d6,Giải tư,,218 463 180 340 498 482 668 842 184 284 328 437 625 224 316 089 339 606 287 262,Trùng 2 bộ ba số bất kỳ trong 20 bộ ba số,53,1000000
00759,d6,Giải năm,,218 463,Trùng 1 bộ ba số bất kỳ trong 2 bộ ba số,698,100000
00759,d6,Giải sáu,,180 340 498 482 668 842 184 284 328 437 625 224 316 089 339 606 287 262,Trùng 1 bộ ba số bất kỳ trong 18 bộ ba số,5623,40000
00758,d6,Giải Đặc biệt,,153 238,,0,2000000000
00758,d6,Giải phụ Đặc biệt,,238 153,,0,400000000
00758,d6,Giải Nhất,,492 155 046 838,Trùng 2 bộ ba số bất kỳ trong 4 bộ ba số,0,30000000
00758,d6,Giải Nhì,,147 016 604 027 080 674,Trùng 2 bộ ba số bất kỳ trong 6 bộ ba số,4,10000000
00758,d6,Giải Ba,,578 035 812 301 856 841 932 362,Trùng 2 bộ ba số bất kỳ trong 8 bộ ba số,12,4000000
00758,d6,Giải tư,,153 238 492 155 046 838 147 016 604 027 080 674 578 035 812 301 856 841 932 362,Trùng 2 bộ ba số bất kỳ trong 20 bộ ba số,55,1000000
00758,d6,Giải năm,,153 238,Trùng 1 bộ ba số bất kỳ trong 2 bộ ba số,656,100000
00758,d6,Giải sáu,,492 155 046 838 147 016 604 027 080 674 578 035 812 301 856 841 932 362,Trùng 1 bộ ba số bất kỳ trong 18 bộ ba số,5401,40000
00757,d6,Giải Đặc biệt,,461 587,,1,2000000000
00757,d6,Giải phụ Đặc biệt,,587 461,,0,400000000
00757,d6,Giải Nhất,,617 677 281 974,Trùng 2 bộ ba số bất kỳ trong 4 bộ ba số,2,30000000
00757,d6,Giải Nhì,,711 207 788 306 534 229,Trùng 2 bộ ba số bất kỳ trong 6 bộ ba số,7,10000000
00757,d6,Giải Ba,,825 161 939 035 217 890 199 294,Trùng 2 bộ ba số bất kỳ trong 8 bộ ba số,8,4000000
00757,d6,Giải tư,,461 587 617 677 281 974 711 207 788 306 534 229 825 161 939 035 217 890 199 294,Trùng 2 bộ ba số bất kỳ trong 20 bộ ba số,49,1000000
00757,d6,Giải năm,,461 587,Trùng 1 bộ ba số bất kỳ trong 2 bộ ba số,725,100000
00757,d6,Giải sáu,,617 677 281 974 711 207 788 306 534 229 825 161 939 035 217 890 199 294,Trùng 1 bộ ba số bất kỳ trong 18 bộ ba số,5694,40000
00756,d6,Giải Đặc biệt,,097 939,,0,2000000000
00756,d6,Giải phụ Đặc biệt,,939 097,,0,400000000
00756,d6,Giải Nhất,,524 948 741 401,Trùng 2 bộ ba số bất kỳ trong 4 bộ ba số,1,30000000
00756,d6,Giải Nhì,,962 572 922 862 903 088,Trùng 2 bộ ba số bất kỳ trong 6 bộ ba số,2,10000000
00756,d6,Giải Ba,,658 317 102 787 978 070 495 121,Trùng 2 bộ ba số bất kỳ trong 8 bộ ba số,18,4000000
00756,d6,Giải tư,,097 939 524 948 741 401 962 572 922 862 903 088 658 317 102 787 978 070 495 121,Trùng 2 bộ ba số bất kỳ trong 20 bộ ba số,68,1000000
00756,d6,Giải năm,,097 939,Trùng 1 bộ ba số bất kỳ trong 2 bộ ba số,682,100000
00756,d6,Giải sáu,,524 948 741 401 962 572 922 862 903 088 658 317 102 787 978 070 495 121,Trùng 1 bộ ba số bất kỳ trong 18 bộ ba số,5737,40000
00755,d6,Giải Đặc biệt,,398 723,,0,2000000000
00755,d6,Giải phụ Đặc biệt,,723 398,,0,400000000
00755,d6,Giải Nhất,,704 848 486 961,Trùng 2 bộ ba số bất kỳ trong 4 bộ ba số,1,30000000
00755,d6,Giải Nhì,,979 324 952 443 353 719,Trùng 2 bộ ba số bất kỳ trong 6 bộ ba số,7,10000000
00755,d6,Giải Ba,,879 300 213 274 664 424 703 497,Trùng 2 bộ ba số bất kỳ trong 8 bộ ba số,25,4000000
00755,d6,Giải tư,,398 723 704 848 486 961 979 324 952 443 353 719 879 300 213 274 664 424 703 497,Trùng 2 bộ ba số bất kỳ trong 20 bộ ba số,64,1000000
00755,d6,Giải năm,,398 723,Trùng 1 bộ ba số bất kỳ trong 2 bộ ba số,691,100000
00755,d6,Giải sáu,,704 848 486 961 979 324 952 443 353 719 879 300 213 274 664 424 703 497,Trùng 1 bộ ba số bất kỳ trong 18 bộ ba số,6212,40000
00754,d6,Giải Đặc biệt,,356 163,,0,2000000000
00754,d6,Giải phụ Đặc biệt,,163 356,,1,400000000
00754,d6,Giải Nhất,,749 183 620 039,Trùng 2 bộ ba số bất kỳ trong 4 bộ ba số,0,30000000
00754,d6,Giải Nhì,,630 110 364 206 411 853,Trùng 2 bộ ba số bất kỳ trong 6 bộ ba số,1,10000000
00754,d6,Giải Ba,,334 238 603 621 240 117 672 736,Trùng 2 bộ ba số bất kỳ trong 8 bộ ba số,5,4000000
00754,d6,Giải tư,,356 163 749 183 620 039 630 110 364 206 411 853 334 238 603 621 240 117 672 736,Trùng 2 bộ ba số bất kỳ trong 20 bộ ba số,60,1000000
00754,d6,Giải năm,,356 163,Trùng 1 bộ ba số bất kỳ trong 2 bộ ba số,768,100000
00754,d6,Giải sáu,,749 183 620 039 630 110 364 206 411 853 334 238 603 621 240 117 672 736,Trùng 1 bộ ba số bất kỳ trong 18 bộ ba số,6130,40000
00753,d6,Giải Đặc biệt,,982 396,,0,2000000000
00753,d6,Giải phụ Đặc biệt,,396 982,,0,400000000
00753,d6,Giải Nhất,,706 588 626 655,Trùng 2 bộ ba số bất kỳ trong 4 bộ ba số,1,30000000
00753,d6,Giải Nhì,,312 031 674 860 431 640,Trùng 2 bộ ba số bất kỳ trong 6 bộ ba số,7,10000000
00753,d6,Giải Ba,,431 292 369 833 835 166 366 125,Trùng 2 bộ ba số bất kỳ trong 8 bộ ba số,14,4000000
00753,d6,Giải tư,,982 396 706 588 626 655 312 031 674 860 431 640 431 292 369 833 835 166 366 125,Trùng 2 bộ ba số bất kỳ trong 20 bộ ba số,65,1000000
00753,d6,Giải năm,,982 396,Trùng 1 bộ ba số bất kỳ trong 2 bộ ba số,572,100000
00753,d6,Giải sáu,,706 588 626 655 312 031 674 860 431 640 431 292 369 833 835 166 366 125,Trùng 1 bộ ba số bất kỳ trong 18 bộ ba số,5947,40000
00752,d6,Giải Đặc biệt,,370 261,,0,2000000000
00752,d6,Giải phụ Đặc biệt,,261 370,,0,400000000
00752,d6,Giải Nhất,,696 940 119 137,Trùng 2 bộ ba số bất kỳ trong 4 bộ ba số,2,30000000
00752,d6,Giải Nhì,,412 380 919 439 851 934,Trùng 2 bộ ba số bất kỳ trong 6 bộ ba số,10,10000000
00752,d6,Giải Ba,,722 655 240 305 597 549 753 511,Trùng 2 bộ ba số bất kỳ trong 8 bộ ba số,4,4000000
00752,d6,Giải tư,,370 261 696 940 119 137 412 380 919 439 851 934 722 655 240 305 597 549 753 511,Trùng 2 bộ ba số bất kỳ trong 20 bộ ba số,65,1000000
00752,d6,Giải năm,,370 261,Trùng 1 bộ ba số bất kỳ trong 2 bộ ba số,738,100000
00752,d6,Giải sáu,,696 940 119 137 412 380 919 439 851 934 722 655 240 305 597 549 753 511,Trùng 1 bộ ba số bất kỳ trong 18 bộ ba số,6255,40000
00751,d6,Giải Đặc biệt,,035 737,,0,2000000000
00751,d6,Giải phụ Đặc biệt,,737 035,,0,400000000
00751,d6,Giải Nhất,,007 541 637 046,Trùng 2 bộ ba số bất kỳ trong 4 bộ ba số,4,30000000
00751,d6,Giải Nhì,,748 727 946 754 719 627,Trùng 2 bộ ba số bất kỳ trong 6 bộ ba số,5,10000000
00751,d6,Giải Ba,,335 417 444 286 714 992 886 805,Trùng 2 bộ ba số bất kỳ trong 8 bộ ba số,18,4000000
00751,d6,Giải tư,,035 737 007 541 637 046 748 727 946 754 719 627 335 417 444 286 714 992 886 805,Trùng 2 bộ ba số bất kỳ trong 20 bộ ba số,66,1000000
00751,d6,Giải năm,,035 737,Trùng 1 bộ ba số bất kỳ trong 2 bộ ba số,725,100000
00751,d6,Giải sáu,,007 541 637 046 748 727 946 754 719 627 335 417 444 286 714 992 886 805,Trùng 1 bộ ba số bất kỳ trong 18 bộ ba số,6123,40000
00750,d6,Giải Đặc biệt,,908 789,,1,2000000000
00750,d6,Giải phụ Đặc biệt,,789 908,,1,400000000
00750,d6,Giải Nhất,,494 340 898 288,Trùng 2 bộ ba số bất kỳ trong 4 bộ ba số,1,30000000
00750,d6,Giải Nhì,,064 952 169 259 023 547,Trùng 2 bộ ba số bất kỳ trong 6 bộ ba số,21,10000000
00750,d6,Giải Ba,,331 354 956 810 212 898 414 875,Trùng 2 bộ ba số bất kỳ trong 8 bộ ba số,5,4000000
00750,d6,Giải tư,,908 789 494 340 898 288 064 952 169 259 023 547 331 354 956 810 212 898 414 875,Trùng 2 bộ ba số bất kỳ trong 20 bộ ba số,52,1000000
00750,d6,Giải năm,,908 789,Trùng 1 bộ ba số bất kỳ trong 2 bộ ba số,749,100000
00750,d6,Giải sáu,,494 340 898 288 064 952 169 259 023 547 331 354 956 810 212 898 414 875,Trùng 1 bộ ba số bất kỳ trong 18 bộ ba số,6159,40000
00749,d6,Giải Đặc biệt,,986 021,,2,2000000000
00749,d6,Giải phụ Đặc biệt,,021 986,,0,400000000
00749,d6,Giải Nhất,,460 603 588 337,Trùng 2 bộ ba số bất kỳ trong 4 bộ ba số,0,30000000
00749,d6,Giải Nhì,,228 538 497 916 181 323,Trùng 2 bộ ba số bất kỳ trong 6 bộ ba số,8,10000000
00749,d6,Giải Ba,,907 104 411 165 492 151 011 179,Trùng 2 bộ ba số bất kỳ trong 8 bộ ba số,13,4000000
00749,d6,Giải tư,,986 021 460 603 588 337 228 538 497 916 181 323 907 104 411 165 492 151 011 179,Trùng 2 bộ ba số bất kỳ trong 20 bộ ba số,96,1000000
00749,d6,Giải năm,,986 021,Trùng 1 bộ ba số bất kỳ trong 2 bộ ba số,973,100000
00749,d6,Giải sáu,,460 603 588 337 228 538 497 916 181 323 907 104 411 165 492 151 011 179,Trùng 1 bộ ba số bất kỳ trong 18 bộ ba số,6436,40000
00748,d6,Giải Đặc biệt,,711 017,,3,2000000000
00748,d6,Giải phụ Đặc biệt,,017 711,,0,400000000
00748,d6,Giải Nhất,,567 596 042 398,Trùng 2 bộ ba số bất kỳ trong 4 bộ ba số,3,30000000
00748,d6,Giải Nhì,,313 361 635 104 060 678,Trùng 2 bộ ba số bất kỳ trong 6 bộ ba số,3,10000000
00748,d6,Giải Ba,,943 735 882 534 616 950 787 742,Trùng 2 bộ ba số bất kỳ trong 8 bộ ba số,12,4000000
00748,d6,Giải tư,,711 017 567 596 042 398 313 361 635 104 060 678 943 735 882 534 616 950 787 742,Trùng 2 bộ ba số bất kỳ trong 20 bộ ba số,60,1000000
00748,d6,Giải năm,,711 017,Trùng 1 bộ ba số bất kỳ trong 2 bộ ba số,635,100000
00748,d6,Giải sáu,,567 596 042 398 313 361 635 104 060 678 943 735 882 534 616 950 787 742,Trùng 1 bộ ba số bất kỳ trong 18 bộ ba số,5509,40000
00747,d6,Giải Đặc biệt,,830 824,,0,2000000000
00747,d6,Giải phụ Đặc biệt,,824 830,,0,400000000
00747,d6,Giải Nhất,,504 293 833 270,Trùng 2 bộ ba số bất kỳ trong 4 bộ ba số,2,30000000
00747,d6,Giải Nhì,,491 665 796 133 598 347,Trùng 2 bộ ba số bất kỳ trong 6 bộ ba số,2,10000000
00747,d6,Giải Ba,,485 756 818 338 156 952 569 543,Trùng 2 bộ ba số bất kỳ trong 8 bộ ba số,6,4000000
00747,d6,Giải tư,,830 824 504 293 833 270 491 665 796 133 598 347 485 756 818 338 156 952 569 543,Trùng 2 bộ ba số bất kỳ trong 20 bộ ba số,68,1000000
00747,d6,Giải năm,,830 824,Trùng 1 bộ ba số bất kỳ trong 2 bộ ba số,450,100000
00747,d6,Giải sáu,,504 293 833 270 491 665 796 133 598 347 485 756 818 338 156 952 569 543,Trùng 1 bộ ba số bất kỳ trong 18 bộ ba số,5895,40000
00746,d6,Giải Đặc biệt,,003 737,,0,2000000000
00746,d6,Giải phụ Đặc biệt,,737 003,,0,400000000
00746,d6,Giải Nhất,,609 886 534 656,Trùng 2 bộ ba số bất kỳ trong 4 bộ ba số,5,30000000
00746,d6,Giải Nhì,,179 489 148 129 116 731,Trùng 2 bộ ba số bất kỳ trong 6 bộ ba số,3,10000000
00746,d6,Giải Ba,,553 196 304 911 330 814 737 340,Trùng 2 bộ ba số bất kỳ trong 8 bộ ba số,5,4000000
00746,d6,Giải tư,,003 737 609 886 534 656 179 489 148 129 116 731 553 196 304 911 330 814 737 340,Trùng 2 bộ ba số bất kỳ trong 20 bộ ba số,48,1000000
00746,d6,Giải năm,,003 737,Trùng 1 bộ ba số bất kỳ trong 2 bộ ba số,385,100000
00746,d6,Giải sáu,,609 886 534 656 179 489 148 129 116 731 553 196 304 911 330 814 737 340,Trùng 1 bộ ba số bất kỳ trong 18 bộ ba số,5583,40000
00745,d6,Giải Đặc biệt,,730 793,,0,2000000000
00745,d6,Giải phụ Đặc biệt,,793 730,,0,400000000
00745,d6,Giải Nhất,,532 189 723 922,Trùng 2 bộ ba số bất kỳ trong 4 bộ ba số,2,30000000
00745,d6,Giải Nhì,,787 416 466 792 323 306,Trùng 2 bộ ba số bất kỳ trong 6 bộ ba số,4,10000000
00745,d6,Giải Ba,,090 700 375 141 694 612 402 956,Trùng 2 bộ ba số bất kỳ trong 8 bộ ba số,7,4000000
00745,d6,Giải tư,,730 793 532 189 723 922 787 416 466 792 323 306 090 700 375 141 694 612 402 956,Trùng 2 bộ ba số bất kỳ trong 20 bộ ba số,57,1000000
00745,d6,Giải năm,,730 793,Trùng 1 bộ ba số bất kỳ trong 2 bộ ba số,525,100000
00745,d6,Giải sáu,,532 189 723 922 787 416 466 792 323 306 090 700 375 141 694 612 402 956,Trùng 1 bộ ba số bất kỳ trong 18 bộ ba số,5282,40000
00744,d6,Giải Đặc biệt,,894 697,,0,2000000000
00744,d6,Giải phụ Đặc biệt,,697 894,,0,400000000
00744,d6,Giải Nhất,,470 727 598 809,Trùng 2 bộ ba số bất kỳ trong 4 bộ ba số,0,30000000
00744,d6,Giải Nhì,,857 187 045 994 353 466,Trùng 2 bộ ba số bất kỳ trong 6 bộ ba số,3,10000000
00744,d6,Giải Ba,,964 933 171 729 617 762 633 947,Trùng 2 bộ ba số bất kỳ trong 8 bộ ba số,16,4000000
00744,d6,Giải tư,,894 697 470 727 598 809 857 187 045 994 353 466 964 933 171 729 617 762 633 947,Trùng 2 bộ ba số bất kỳ trong 20 bộ ba số,41,1000000
00744,d6,Giải năm,,894 697,Trùng 1 bộ ba số bất kỳ trong 2 bộ ba số,445,100000
00744,d6,Giải sáu,,470 727 598 809 857 187 045 994 353 466 964 933 171 729 617 762 633 947,Trùng 1 bộ ba số bất kỳ trong 18 bộ ba số,4793,40000
00743,d6,Giải Đặc biệt,,827 356,,0,2000000000
00743,d6,Giải phụ Đặc biệt,,356 827,,0,400000000
00743,d6,Giải Nhất,,216 007 278 840,Trùng 2 bộ ba số bất kỳ trong 4 bộ ba số,1,30000000
00743,d6,Giải Nhì,,899 294 630 960 430 022,Trùng 2 bộ ba số bất kỳ trong 6 bộ ba số,2,10000000
00743,d6,Giải Ba,,593 427 973 390 241 156 916 288,Trùng 2 bộ ba số bất kỳ trong 8 bộ ba số,28,4000000
00743,d6,Giải tư,,827 356 216 007 278 840 899 294 630 960 430 022 593 427 973 390 241 156 916 288,Trùng 2 bộ ba số bất kỳ trong 20 bộ ba số,71,1000000
00743,d6,Giải năm,,827 356,Trùng 1 bộ ba số bất kỳ trong 2 bộ ba số,731,100000
00743,d6,Giải sáu,,216 007 278 840 899 294 630 960 430 022 593 427 973 390 241 156 916 288,Trùng 1 bộ ba số bất kỳ trong 18 bộ ba số,5020,40000
00742,d6,Giải Đặc biệt,,705 285,,0,2000000000
00742,d6,Giải phụ Đặc biệt,,285 705,,0,400000000
00742,d6,Giải Nhất,,432 043 515 162,Trùng 2 bộ ba số bất kỳ trong 4 bộ ba số,5,30000000
00742,d6,Giải Nhì,,918 400 073 022 044 532,Trùng 2 bộ ba số bất kỳ trong 6 bộ ba số,3,10000000
00742,d6,Giải Ba,,685 413 956 132 722 918 053 660,Trùng 2 bộ ba số bất kỳ trong 8 bộ ba số,6,4000000
00742,d6,Giải tư,,705 285 432 043 515 162 918 400 073 022 044 532 685 413 956 132 722 918 053 660,Trùng 2 bộ ba số bất kỳ trong 20 bộ ba số,63,1000000
00742,d6,Giải năm,,705 285,Trùng 1 bộ ba số bất kỳ trong 2 bộ ba số,616,100000
00742,d6,Giải sáu,,432 043 515 162 918 400 073 022 044 532 685 413 956 132 722 918 053 660,Trùng 1 bộ ba số bất kỳ trong 18 bộ ba số,5062,40000
00741,d6,Giải Đặc biệt,,483 025,,0,2000000000
00741,d6,Giải phụ Đặc biệt,,025 483,,0,400000000
00741,d6,Giải Nhất,,305 954 862 717,Trùng 2 bộ ba số bất kỳ trong 4 bộ ba số,1,30000000
00741,d6,Giải Nhì,,524 770 291 177 670 258,Trùng 2 bộ ba số bất kỳ trong 6 bộ ba số,7,10000000
00741,d6,Giải Ba,,236 337 660 882 234 990 932 512,Trùng 2 bộ ba số bất kỳ trong 8 bộ ba số,7,4000000
00741,d6,Giải tư,,483 025 305 954 862 717 524 770 291 177 670 258 236 337 660 882 234 990 932 512,Trùng 2 bộ ba số bất kỳ trong 20 bộ ba số,36,1000000
00741,d6,Giải năm,,483 025,Trùng 1 bộ ba số bất kỳ trong 2 bộ ba số,493,100000
00741,d6,Giải sáu,,305 954 862 717 524 770 291 177 670 258 236 337 660 882 234 990 932 512,Trùng 1 bộ ba số bất kỳ trong 18 bộ ba số,5596,40000
00740,d6,Giải Đặc biệt,,307 449,,0,2000000000
00740,d6,Giải phụ Đặc biệt,,449 307,,0,400000000
00740,d6,Giải Nhất,,312 097 756 585,Trùng 2 bộ ba số bất kỳ trong 4 bộ ba số,2,30000000
00740,d6,Giải Nhì,,958 008 795 713 998 953,Trùng 2 bộ ba số bất kỳ trong 6 bộ ba số,4,10000000
00740,d6,Giải Ba,,849 207 137 038 017 198 436 401,Trùng 2 bộ ba số bất kỳ trong 8 bộ ba số,5,4000000
00740,d6,Giải tư,,307 449 312 097 756 585 958 008 795 713 998 953 849 207 137 038 017 198 436 401,Trùng 2 bộ ba số bất kỳ trong 20 bộ ba số,64,1000000
00740,d6,Giải năm,,307 449,Trùng 1 bộ ba số bất kỳ trong 2 bộ ba số,573,100000
00740,d6,Giải sáu,,312 097 756 585 958 008 795 713 998 953 849 207 137 038 017 198 436 401,Trùng 1 bộ ba số bất kỳ trong 18 bộ ba số,5021,40000
00739,d6,Giải Đặc biệt,,615 771,,0,2000000000
00739,d6,Giải phụ Đặc biệt,,771 615,,0,400000000
00739,d6,Giải Nhất,,283 920 609 721,Trùng 2 bộ ba số bất kỳ trong 4 bộ ba số,0,30000000
00739,d6,Giải Nhì,,072 112 568 418 907 134,Trùng 2 bộ ba số bất kỳ trong 6 bộ ba số,7,10000000
00739,d6,Giải Ba,,436 941 768 051 598 502 862 382,Trùng 2 bộ ba số bất kỳ trong 8 bộ ba số,12,4000000
00739,d6,Giải tư,,615 771 283 920 609 721 072 112 568 418 907 134 436 941 768 051 598 502 862 382,Trùng 2 bộ ba số bất kỳ trong 20 bộ ba số,47,1000000
00739,d6,Giải năm,,615 771,Trùng 1 bộ ba số bất kỳ trong 2 bộ ba số,647,100000
00739,d6,Giải sáu,,283 920 609 721 072 112 568 418 907 134 436 941 768 051 598 502 862 382,Trùng 1 bộ ba số bất kỳ trong 18 bộ ba số,5493,40000
00738,d6,Giải Đặc biệt,,781 873,,0,2000000000
00738,d6,Giải phụ Đặc biệt,,873 781,,0,400000000
00738,d6,Giải Nhất,,365 615 279 858,Trùng 2 bộ ba số bất kỳ trong 4 bộ ba số,0,30000000
00738,d6,Giải Nhì,,412 970 250 295 053 420,Trùng 2 bộ ba số bất kỳ trong 6 bộ ba số,1,10000000
00738,d6,Giải Ba,,167 440 022 541 868 621 917 570,Trùng 2 bộ ba số bất kỳ trong 8 bộ ba số,7,4000000
00738,d6,Giải tư,,781 873 365 615 279 858 412 970 250 295 053 420 167 440 022 541 868 621 917 570,Trùng 2 bộ ba số bất kỳ trong 20 bộ ba số,54,1000000
00738,d6,Giải năm,,781 873,Trùng 1 bộ ba số bất kỳ trong 2 bộ ba số,455,100000
00738,d6,Giải sáu,,365 615 279 858 412 970 250 295 053 420 167 440 022 541 868 621 917 570,Trùng 1 bộ ba số bất kỳ trong 18 bộ ba số,5381,40000
00737,d6,Giải Đặc biệt,,945 360,,0,2000000000
00737,d6,Giải phụ Đặc biệt,,360 945,,0,400000000
00737,d6,Giải Nhất,,111 544 437 080,Trùng 2 bộ ba số bất kỳ trong 4 bộ ba số,0,30000000
00737,d6,Giải Nhì,,315 020 894 423 485 428,Trùng 2 bộ ba số bất kỳ trong 6 bộ ba số,1,10000000
00737,d6,Giải Ba,,888 788 062 163 425 549 876 959,Trùng 2 bộ ba số bất kỳ trong 8 bộ ba số,10,4000000
00737,d6,Giải tư,,945 360 111 544 437 080 315 020 894 423 485 428 888 788 062 163 425 549 876 959,Trùng 2 bộ ba số bất kỳ trong 20 bộ ba số,39,1000000
00737,d6,Giải năm,,945 360,Trùng 1 bộ ba số bất kỳ trong 2 bộ ba số,509,100000
00737,d6,Giải sáu,,111 544 437 080 315 020 894 423 485 428 888 788 062 163 425 549 876 959,Trùng 1 bộ ba số bất kỳ trong 18 bộ ba số,5706,40000
00736,d6,Giải Đặc biệt,,614 072,,0,2000000000
00736,d6,Giải phụ Đặc biệt,,072 614,,0,400000000
00736,d6,Giải Nhất,,724 505 117 410,Trùng 2 bộ ba số bất kỳ trong 4 bộ ba số,0,30000000
00736,d6,Giải Nhì,,951 628 328 588 017 948,Trùng 2 bộ ba số bất kỳ trong 6 bộ ba số,4,10000000
00736,d6,Giải Ba,,376 157 215 689 803 491 228 391,Trùng 2 bộ ba số bất kỳ trong 8 bộ ba số,15,4000000
00736,d6,Giải tư,,614 072 724 505 117 410 951 628 328 588 017 948 376 157 215 689 803 491 228 391,Trùng 2 bộ ba số bất kỳ trong 20 bộ ba số,61,1000000
00736,d6,Giải năm,,614 072,Trùng 1 bộ ba số bất kỳ trong 2 bộ ba số,453,100000
00736,d6,Giải sáu,,724 505 117 410 951 628 328 588 017 948 376 157 215 689 803 491 228 391,Trùng 1 bộ ba số bất kỳ trong 18 bộ ba số,6420,40000
00735,d6,Giải Đặc biệt,,681 166,,1,2000000000
00735,d6,Giải phụ Đặc biệt,,166 681,,2,400000000
00735,d6,Giải Nhất,,811 110 833 374,Trùng 2 bộ ba số bất kỳ trong 4 bộ ba số,0,30000000
00735,d6,Giải Nhì,,124 300 407 572 377 562,Trùng 2 bộ ba số bất kỳ trong 6 bộ ba số,33,10000000
00735,d6,Giải Ba,,182 316 825 099 973 374 137 910,Trùng 2 bộ ba số bất kỳ trong 8 bộ ba số,2,4000000
00735,d6,Giải tư,,681 166 811 110 833 374 124 300 407 572 377 562 182 316 825 099 973 374 137 910,Trùng 2 bộ ba số bất kỳ trong 20 bộ ba số,82,1000000
00735,d6,Giải năm,,681 166,Trùng 1 bộ ba số bất kỳ trong 2 bộ ba số,782,100000
00735,d6,Giải sáu,,811 110 833 374 124 300 407 572 377 562 182 316 825 099 973 374 137 910,Trùng 1 bộ ba số bất kỳ trong 18 bộ ba số,6466,40000
00734,d6,Giải Đặc biệt,,984 223,,0,2000000000
00734,d6,Giải phụ Đặc biệt,,223 984,,0,400000000
00734,d6,Giải Nhất,,255 563 245 142,Trùng 2 bộ ba số bất kỳ trong 4 bộ ba số,1,30000000
00734,d6,Giải Nhì,,184 200 577 695 267 366,Trùng 2 bộ ba số bất kỳ trong 6 bộ ba số,2,10000000
00734,d6,Giải Ba,,313 015 001 373 791 118 856 360,Trùng 2 bộ ba số bất kỳ trong 8 bộ ba số,20,4000000
00734,d6,Giải tư,,984 223 255 563 245 142 184 200 577 695 267 366 313 015 001 373 791 118 856 360,Trùng 2 bộ ba số bất kỳ trong 20 bộ ba số,76,1000000
00734,d6,Giải năm,,984 223,Trùng 1 bộ ba số bất kỳ trong 2 bộ ba số,767,100000
00734,d6,Giải sáu,,255 563 245 142 184 200 577 695 267 366 313 015 001 373 791 118 856 360,Trùng 1 bộ ba số bất kỳ trong 18 bộ ba số,5981,40000
00733,d6,Giải Đặc biệt,,417 572,,0,2000000000
00733,d6,Giải phụ Đặc biệt,,572 417,,0,400000000
00733,d6,Giải Nhất,,428 512 878 991,Trùng 2 bộ ba số bất kỳ trong 4 bộ ba số,0,30000000
00733,d6,Giải Nhì,,618 999 399 376 922 364,Trùng 2 bộ ba số bất kỳ trong 6 bộ ba số,3,10000000
00733,d6,Giải Ba,,276 611 076 474 530 201 817 370,Trùng 2 bộ ba số bất kỳ trong 8 bộ ba số,10,4000000
00733,d6,Giải tư,,417 572 428 512 878 991 618 999 399 376 922 364 276 611 076 474 530 201 817 370,Trùng 2 bộ ba số bất kỳ trong 20 bộ ba số,44,1000000
00733,d6,Giải năm,,417 572,Trùng 1 bộ ba số bất kỳ trong 2 bộ ba số,628,100000
00733,d6,Giải sáu,,428 512 878 991 618 999 399 376 922 364 276 611 076 474 530 201 817 370,Trùng 1 bộ ba số bất kỳ trong 18 bộ ba số,5286,40000
00732,d6,Giải Đặc biệt,,785 839,,0,2000000000
00732,d6,Giải phụ Đặc biệt,,839 785,,0,400000000
00732,d6,Giải Nhất,,250 917 350 559,Trùng 2 bộ ba số bất kỳ trong 4 bộ ba số,16,30000000
00732,d6,Giải Nhì,,684 599 268 552 467 770,Trùng 2 bộ ba số bất kỳ trong 6 bộ ba số,6,10000000
00732,d6,Giải Ba,,508 637 446 367 638 716 127 226,Trùng 2 bộ ba số bất kỳ trong 8 bộ ba số,5,4000000
00732,d6,Giải tư,,785 839 250 917 350 559 684 599 268 552 467 770 508 637 446 367 638 716 127 226,Trùng 2 bộ ba số bất kỳ trong 20 bộ ba số,72,1000000
00732,d6,Giải năm,,785 839,Trùng 1 bộ ba số bất kỳ trong 2 bộ ba số,591,100000
00732,d6,Giải sáu,,250 917 350 559 684 599 268 552 467 770 508 637 446 367 638 716 127 226,Trùng 1 bộ ba số bất kỳ trong 18 bộ ba số,5892,40000
00731,d6,Giải Đặc biệt,,249 782,,0,2000000000
00731,d6,Giải phụ Đặc biệt,,782 249,,0,400000000
00731,d6,Giải Nhất,,554 570 633 623,Trùng 2 bộ ba số bất kỳ trong 4 bộ ba số,4,30000000
00731,d6,Giải Nhì,,763 981 500 095 583 268,Trùng 2 bộ ba số bất kỳ trong 6 bộ ba số,4,10000000
00731,d6,Giải Ba,,357 577 739 163 737 061 284 786,Trùng 2 bộ ba số bất kỳ trong 8 bộ ba số,19,4000000
00731,d6,Giải tư,,249 782 554 570 633 623 763 981 500 095 583 268 357 577 739 163 737 061 284 786,Trùng 2 bộ ba số bất kỳ trong 20 bộ ba số,61,1000000
00731,d6,Giải năm,,249 782,Trùng 1 bộ ba số bất kỳ trong 2 bộ ba số,623,100000
00731,d6,Giải sáu,,554 570 633 623 763 981 500 095 583 268 357 577 739 163 737 061 284 786,Trùng 1 bộ ba số bất kỳ trong 18 bộ ba số,5914,40000
00730,d6,Giải Đặc biệt,,048 895,,1,2000000000
00730,d6,Giải phụ Đặc biệt,,895 048,,0,400000000
00730,d6,Giải Nhất,,197 270 202 259,Trùng 2 bộ ba số bất kỳ trong 4 bộ ba số,2,30000000
00730,d6,Giải Nhì,,393 340 800 098 816 410,Trùng 2 bộ ba số bất kỳ trong 6 bộ ba số,0,10000000
00730,d6,Giải Ba,,040 543 004 823 876 046 189 249,Trùng 2 bộ ba số bất kỳ trong 8 bộ ba số,9,4000000
00730,d6,Giải tư,,048 895 197 270 202 259 393 340 800 098 816 410 040 543 004 823 876 046 189 249,Trùng 2 bộ ba số bất kỳ trong 20 bộ ba số,54,1000000
00730,d6,Giải năm,,048 895,Trùng 1 bộ ba số bất kỳ trong 2 bộ ba số,652,100000
00730,d6,Giải sáu,,197 270 202 259 393 340 800 098 816 410 040 543 004 823 876 046 189 249,Trùng 1 bộ ba số bất kỳ trong 18 bộ ba số,5184,40000
00729,d6,Giải Đặc biệt,,535 053,,0,2000000000
00729,d6,Giải phụ Đặc biệt,,053 535,,0,400000000
00729,d6,Giải Nhất,,125 420 068 392,Trùng 2 bộ ba số bất kỳ trong 4 bộ ba số,5,30000000
00729,d6,Giải Nhì,,264 779 608 125 295 582,Trùng 2 bộ ba số bất kỳ trong 6 bộ ba số,6,10000000
00729,d6,Giải Ba,,825 472 326 511 798 804 408 794,Trùng 2 bộ ba số bất kỳ trong 8 bộ ba số,5,4000000
00729,d6,Giải tư,,535 053 125 420 068 392 264 779 608 125 295 582 825 472 326 511 798 804 408 794,Trùng 2 bộ ba số bất kỳ trong 20 bộ ba số,69,1000000
00729,d6,Giải năm,,535 053,Trùng 1 bộ ba số bất kỳ trong 2 bộ ba số,564,100000
00729,d6,Giải sáu,,125 420 068 392 264 779 608 125 295 582 825 472 326 511 798 804 408 794,Trùng 1 bộ ba số bất kỳ trong 18 bộ ba số,5803,40000
00728,d6,Giải Đặc biệt,,167 016,,0,2000000000
00728,d6,Giải phụ Đặc biệt,,016 167,,0,400000000
00728,d6,Giải Nhất,,803 005 927 093,Trùng 2 bộ ba số bất kỳ trong 4 bộ ba số,2,30000000
00728,d6,Giải Nhì,,357 081 228 816 252 732,Trùng 2 bộ ba số bất kỳ trong 6 bộ ba số,9,10000000
00728,d6,Giải Ba,,368 659 480 764 688 350 885 843,Trùng 2 bộ ba số bất kỳ trong 8 bộ ba số,26,4000000
00728,d6,Giải tư,,167 016 803 005 927 093 357 081 228 816 252 732 368 659 480 764 688 350 885 843,Trùng 2 bộ ba số bất kỳ trong 20 bộ ba số,73,1000000
00728,d6,Giải năm,,167 016,Trùng 1 bộ ba số bất kỳ trong 2 bộ ba số,535,100000
00728,d6,Giải sáu,,803 005 927 093 357 081 228 816 252 732 368 659 480 764 688 350 885 843,Trùng 1 bộ ba số bất kỳ trong 18 bộ ba số,6058,40000
00727,d6,Giải Đặc biệt,,239 270,,0,2000000000
00727,d6,Giải phụ Đặc biệt,,270 239,,0,400000000
00727,d6,Giải Nhất,,079 398 504 257,Trùng 2 bộ ba số bất kỳ trong 4 bộ ba số,1,30000000
00727,d6,Giải Nhì,,472 004 172 505 615 169,Trùng 2 bộ ba số bất kỳ trong 6 bộ ba số,11,10000000
00727,d6,Giải Ba,,060 553 213 420 215 753 262 517,Trùng 2 bộ ba số bất kỳ trong 8 bộ ba số,18,4000000
00727,d6,Giải tư,,239 270 079 398 504 257 472 004 172 505 615 169 060 553 213 420 215 753 262 517,Trùng 2 bộ ba số bất kỳ trong 20 bộ ba số,71,1000000
00727,d6,Giải năm,,239 270,Trùng 1 bộ ba số bất kỳ trong 2 bộ ba số,679,100000
00727,d6,Giải sáu,,079 398 504 257 472 004 172 505 615 169 060 553 213 420 215 753 262 517,Trùng 1 bộ ba số bất kỳ trong 18 bộ ba số,6006,40000
00726,d6,Giải Đặc biệt,,670 304,,0,2000000000
00726,d6,Giải phụ Đặc biệt,,304 670,,0,400000000
00726,d6,Giải Nhất,,522 502 863 261,Trùng 2 bộ ba số bất kỳ trong 4 bộ ba số,2,30000000
00726,d6,Giải Nhì,,626 082 284 927 522 926,Trùng 2 bộ ba số bất kỳ trong 6 bộ ba số,1,10000000
00726,d6,Giải Ba,,079 520 161 870 813 536 813 040,Trùng 2 bộ ba số bất kỳ trong 8 bộ ba số,5,4000000
00726,d6,Giải tư,,670 304 522 502 863 261 626 082 284 927 522 926 079 520 161 870 813 536 813 040,Trùng 2 bộ ba số bất kỳ trong 20 bộ ba số,35,1000000
00726,d6,Giải năm,,670 304,Trùng 1 bộ ba số bất kỳ trong 2 bộ ba số,550,100000
00726,d6,Giải sáu,,522 502 863 261 626 082 284 927 522 926 079 520 161 870 813 536 813 040,Trùng 1 bộ ba số bất kỳ trong 18 bộ ba số,4961,40000
00725,d6,Giải Đặc biệt,,742 697,,0,2000000000
00725,d6,Giải phụ Đặc biệt,,697 742,,0,400000000
00725,d6,Giải Nhất,,337 546 282 410,Trùng 2 bộ ba số bất kỳ trong 4 bộ ba số,0,30000000
00725,d6,Giải Nhì,,934 740 041 464 973 703,Trùng 2 bộ ba số bất kỳ trong 6 bộ ba số,2,10000000
00725,d6,Giải Ba,,617 030 092 624 732 463 956 329,Trùng 2 bộ ba số bất kỳ trong 8 bộ ba số,5,4000000
00725,d6,Giải tư,,742 697 337 546 282 410 934 740 041 464 973 703 617 030 092 624 732 463 956 329,Trùng 2 bộ ba số bất kỳ trong 20 bộ ba số,39,1000000
00725,d6,Giải năm,,742 697,Trùng 1 bộ ba số bất kỳ trong 2 bộ ba số,591,100000
00725,d6,Giải sáu,,337 546 282 410 934 740 041 464 973 703 617 030 092 624 732 463 956 329,Trùng 1 bộ ba số bất kỳ trong 18 bộ ba số,4843,40000
00724,d6,Giải Đặc biệt,,431 495,,0,2000000000
00724,d6,Giải phụ Đặc biệt,,495 431,,0,400000000
00724,d6,Giải Nhất,,748 979 024 761,Trùng 2 bộ ba số bất kỳ trong 4 bộ ba số,1,30000000
00724,d6,Giải Nhì,,372 039 872 519 975 988,Trùng 2 bộ ba số bất kỳ trong 6 bộ ba số,3,10000000
00724,d6,Giải Ba,,337 937 566 293 427 419 048 625,Trùng 2 bộ ba số bất kỳ trong 8 bộ ba số,10,4000000
00724,d6,Giải tư,,431 495 748 979 024 761 372 039 872 519 975 988 337 937 566 293 427 419 048 625,Trùng 2 bộ ba số bất kỳ trong 20 bộ ba số,54,1000000
00724,d6,Giải năm,,431 495,Trùng 1 bộ ba số bất kỳ trong 2 bộ ba số,571,100000
00724,d6,Giải sáu,,748 979 024 761 372 039 872 519 975 988 337 937 566 293 427 419 048 625,Trùng 1 bộ ba số bất kỳ trong 18 bộ ba số,5861,40000
00723,d6,Giải Đặc biệt,,277 594,,0,2000000000
00723,d6,Giải phụ Đặc biệt,,594 277,,0,400000000
00723,d6,Giải Nhất,,079 038 799 174,Trùng 2 bộ ba số bất kỳ trong 4 bộ ba số,1,30000000
00723,d6,Giải Nhì,,121 482 593 379 764 670,Trùng 2 bộ ba số bất kỳ trong 6 bộ ba số,4,10000000
00723,d6,Giải Ba,,128 965 829 763 082 340 523 537,Trùng 2 bộ ba số bất kỳ trong 8 bộ ba số,4,4000000
00723,d6,Giải tư,,277 594 079 038 799 174 121 482 593 379 764 670 128 965 829 763 082 340 523 537,Trùng 2 bộ ba số bất kỳ trong 20 bộ ba số,66,1000000
00723,d6,Giải năm,,277 594,Trùng 1 bộ ba số bất kỳ trong 2 bộ ba số,600,100000
00723,d6,Giải sáu,,079 038 799 174 121 482 593 379 764 670 128 965 829 763 082 340 523 537,Trùng 1 bộ ba số bất kỳ trong 18 bộ ba số,5184,40000
00722,d6,Giải Đặc biệt,,840 896,,0,2000000000
00722,d6,Giải phụ Đặc biệt,,896 840,,1,400000000
00722,d6,Giải Nhất,,864 445 606 331,Trùng 2 bộ ba số bất kỳ trong 4 bộ ba số,0,30000000
00722,d6,Giải Nhì,,576 663 962 588 473 171,Trùng 2 bộ ba số bất kỳ trong 6 bộ ba số,2,10000000
00722,d6,Giải Ba,,030 873 504 073 025 202 867 975,Trùng 2 bộ ba số bất kỳ trong 8 bộ ba số,6,4000000
00722,d6,Giải tư,,840 896 864 445 606 331 576 663 962 588 473 171 030 873 504 073 025 202 867 975,Trùng 2 bộ ba số bất kỳ trong 20 bộ ba số,47,1000000
00722,d6,Giải năm,,840 896,Trùng 1 bộ ba số bất kỳ trong 2 bộ ba số,473,100000
00722,d6,Giải sáu,,864 445 606 331 576 663 962 588 473 171 030 873 504 073 025 202 867 975,Trùng 1 bộ ba số bất kỳ trong 18 bộ ba số,5362,40000
00721,d6,Giải Đặc biệt,,824 306,,0,2000000000
00721,d6,Giải phụ Đặc biệt,,306 824,,0,400000000
00721,d6,Giải Nhất,,911 131 125 814,Trùng 2 bộ ba số bất kỳ trong 4 bộ ba số,1,30000000
00721,d6,Giải Nhì,,364 281 291 011 835 218,Trùng 2 bộ ba số bất kỳ trong 6 bộ ba số,2,10000000
00721,d6,Giải Ba,,357 571 266 471 430 443 264 974,Trùng 2 bộ ba số bất kỳ trong 8 bộ ba số,8,4000000
00721,d6,Giải tư,,824 306 911 131 125 814 364 281 291 011 835 218 357 571 266 471 430 443 264 974,Trùng 2 bộ ba số bất kỳ trong 20 bộ ba số,56,1000000
00721,d6,Giải năm,,824 306,Trùng 1 bộ ba số bất kỳ trong 2 bộ ba số,496,100000
00721,d6,Giải sáu,,911 131 125 814 364 281 291 011 835 218 357 571 266 471 430 443 264 974,Trùng 1 bộ ba số bất kỳ trong 18 bộ ba số,5821,40000
00720,d6,Giải Đặc biệt,,937 896,,0,2000000000
00720,d6,Giải phụ Đặc biệt,,896 937,,5,400000000
00720,d6,Giải Nhất,,518 832 996 437,Trùng 2 bộ ba số bất kỳ trong 4 bộ ba số,3,30000000
00720,d6,Giải Nhì,,461 808 050 344 660 071,Trùng 2 bộ ba số bất kỳ trong 6 bộ ba số,2,10000000
00720,d6,Giải Ba,,472 291 951 024 956 522 356 188,Trùng 2 bộ ba số bất kỳ trong 8 bộ ba số,11,4000000
00720,d6,Giải tư,,937 896 518 832 996 437 461 808 050 344 660 071 472 291 951 024 956 522 356 188,Trùng 2 bộ ba số bất kỳ trong 20 bộ ba số,84,1000000
00720,d6,Giải năm,,937 896,Trùng 1 bộ ba số bất kỳ trong 2 bộ ba số,470,100000
00720,d6,Giải sáu,,518 832 996 437 461 808 050 344 660 071 472 291 951 024 956 522 356 188,Trùng 1 bộ ba số bất kỳ trong 18 bộ ba số,5129,40000
00719,d6,Giải Đặc biệt,,045 534,,0,2000000000
00719,d6,Giải phụ Đặc biệt,,534 045,,0,400000000
00719,d6,Giải Nhất,,148 616 487 786,Trùng 2 bộ ba số bất kỳ trong 4 bộ ba số,4,30000000
00719,d6,Giải Nhì,,072 851 746 088 998 497,Trùng 2 bộ ba số bất kỳ trong 6 bộ ba số,1,10000000
00719,d6,Giải Ba,,274 615 054 895 375 092 967 033,Trùng 2 bộ ba số bất kỳ trong 8 bộ ba số,2,4000000
00719,d6,Giải tư,,045 534 148 616 487 786 072 851 746 088 998 497 274 615 054 895 375 092 967 033,Trùng 2 bộ ba số bất kỳ trong 20 bộ ba số,38,1000000
00719,d6,Giải năm,,045 534,Trùng 1 bộ ba số bất kỳ trong 2 bộ ba số,405,100000
00719,d6,Giải sáu,,148 616 487 786 072 851 746 088 998 497 274 615 054 895 375 092 967 033,Trùng 1 bộ ba số bất kỳ trong 18 bộ ba số,4982,40000
00718,d6,Giải Đặc biệt,,691 259,,0,2000000000
00718,d6,Giải phụ Đặc biệt,,259 691,,0,400000000
00718,d6,Giải Nhất,,605 227 895 757,Trùng 2 bộ ba số bất kỳ trong 4 bộ ba số,4,30000000
00718,d6,Giải Nhì,,838 192 740 486 742 542,Trùng 2 bộ ba số bất kỳ trong 6 bộ ba số,3,10000000
00718,d6,Giải Ba,,215 335 152 977 425 474 340 049,Trùng 2 bộ ba số bất kỳ trong 8 bộ ba số,9,4000000
00718,d6,Giải tư,,691 259 605 227 895 757 838 192 740 486 742 542 215 335 152 977 425 474 340 049,Trùng 2 bộ ba số bất kỳ trong 20 bộ ba số,52,1000000
00718,d6,Giải năm,,691 259,Trùng 1 bộ ba số bất kỳ trong 2 bộ ba số,658,100000
00718,d6,Giải sáu,,605 227 895 757 838 192 740 486 742 542 215 335 152 977 425 474 340 049,Trùng 1 bộ ba số bất kỳ trong 18 bộ ba số,5292,40000
00717,d6,Giải Đặc biệt,,237 056,,0,2000000000
00717,d6,Giải phụ Đặc biệt,,056 237,,0,400000000
00717,d6,Giải Nhất,,454 703 844 424,Trùng 2 bộ ba số bất kỳ trong 4 bộ ba số,3,30000000
00717,d6,Giải Nhì,,193 889 810 715 184 050,Trùng 2 bộ ba số bất kỳ trong 6 bộ ba số,0,10000000
00717,d6,Giải Ba,,674 077 935 066 243 579 031 427,Trùng 2 bộ ba số bất kỳ trong 8 bộ ba số,4,4000000
00717,d6,Giải tư,,237 056 454 703 844 424 193 889 810 715 184 050 674 077 935 066 243 579 031 427,Trùng 2 bộ ba số bất kỳ trong 20 bộ ba số,59,1000000
00717,d6,Giải năm,,237 056,Trùng 1 bộ ba số bất kỳ trong 2 bộ ba số,671,100000
00717,d6,Giải sáu,,454 703 844 424 193 889 810 715 184 050 674 077 935 066 243 579 031 427,Trùng 1 bộ ba số bất kỳ trong 18 bộ ba số,5325,40000
00716,d6,Giải Đặc biệt,,333 696,,1,2000000000
00716,d6,Giải phụ Đặc biệt,,696 333,,0,400000000
00716,d6,Giải Nhất,,521 013 628 247,Trùng 2 bộ ba số bất kỳ trong 4 bộ ba số,1,30000000
00716,d6,Giải Nhì,,747 250 834 017 653 126,Trùng 2 bộ ba số bất kỳ trong 6 bộ ba số,6,10000000
00716,d6,Giải Ba,,032 736 182 965 535 174 181 672,Trùng 2 bộ ba số bất kỳ trong 8 bộ ba số,9,4000000
00716,d6,Giải tư,,333 696 521 013 628 247 747 250 834 017 653 126 032 736 182 965 535 174 181 672,Trùng 2 bộ ba số bất kỳ trong 20 bộ ba số,95,1000000
00716,d6,Giải năm,,333 696,Trùng 1 bộ ba số bất kỳ trong 2 bộ ba số,780,100000
00716,d6,Giải sáu,,521 013 628 247 747 250 834 017 653 126 032 736 182 965 535 174 181 672,Trùng 1 bộ ba số bất kỳ trong 18 bộ ba số,6647,40000
00715,d6,Giải Đặc biệt,,844 103,,0,2000000000
00715,d6,Giải phụ Đặc biệt,,103 844,,0,400000000
00715,d6,Giải Nhất,,325 016 058 518,Trùng 2 bộ ba số bất kỳ trong 4 bộ ba số,1,30000000
00715,d6,Giải Nhì,,903 709 335 132 181 038,Trùng 2 bộ ba số bất kỳ trong 6 bộ ba số,5,10000000
00715,d6,Giải Ba,,322 428 069 749 561 407 551 643,Trùng 2 bộ ba số bất kỳ trong 8 bộ ba số,5,4000000
00715,d6,Giải tư,,844 103 325 016 058 518 903 709 335 132 181 038 322 428 069 749 561 407 551 643,Trùng 2 bộ ba số bất kỳ trong 20 bộ ba số,43,1000000
00715,d6,Giải năm,,844 103,Trùng 1 bộ ba số bất kỳ trong 2 bộ ba số,423,100000
00715,d6,Giải sáu,,325 016 058 518 903 709 335 132 181 038 322 428 069 749 561 407 551 643,Trùng 1 bộ ba số bất kỳ trong 18 bộ ba số,5240,40000
00714,d6,Giải Đặc biệt,,780 807,,0,2000000000
00714,d6,Giải phụ Đặc biệt,,807 780,,0,400000000
00714,d6,Giải Nhất,,798 282 562 488,Trùng 2 bộ ba số bất kỳ trong 4 bộ ba số,1,30000000
00714,d6,Giải Nhì,,229 972 669 895 938 340,Trùng 2 bộ ba số bất kỳ trong 6 bộ ba số,2,10000000
00714,d6,Giải Ba,,276 067 515 357 919 632 564 464,Trùng 2 bộ ba số bất kỳ trong 8 bộ ba số,9,4000000
00714,d6,Giải tư,,780 807 798 282 562 488 229 972 669 895 938 340 276 067 515 357 919 632 564 464,Trùng 2 bộ ba số bất kỳ trong 20 bộ ba số,38,1000000
00714,d6,Giải năm,,780 807,Trùng 1 bộ ba số bất kỳ trong 2 bộ ba số,461,100000
00714,d6,Giải sáu,,798 282 562 488 229 972 669 895 938 340 276 067 515 357 919 632 564 464,Trùng 1 bộ ba số bất kỳ trong 18 bộ ba số,4995,40000
00713,d6,Giải Đặc biệt,,030 582,,0,2000000000
00713,d6,Giải phụ Đặc biệt,,582 030,,1,400000000
00713,d6,Giải Nhất,,152 151 949 722,Trùng 2 bộ ba số bất kỳ trong 4 bộ ba số,0,30000000
00713,d6,Giải Nhì,,361 805 407 066 085 194,Trùng 2 bộ ba số bất kỳ trong 6 bộ ba số,2,10000000
00713,d6,Giải Ba,,233 413 455 210 533 301 181 598,Trùng 2 bộ ba số bất kỳ trong 8 bộ ba số,9,4000000
00713,d6,Giải tư,,030 582 152 151 949 722 361 805 407 066 085 194 233 413 455 210 533 301 181 598,Trùng 2 bộ ba số bất kỳ trong 20 bộ ba số,80,1000000
00713,d6,Giải năm,,030 582,Trùng 1 bộ ba số bất kỳ trong 2 bộ ba số,485,100000
00713,d6,Giải sáu,,152 151 949 722 361 805 407 066 085 194 233 413 455 210 533 301 181 598,Trùng 1 bộ ba số bất kỳ trong 18 bộ ba số,5133,40000
00712,d6,Giải Đặc biệt,,047 771,,0,2000000000
00712,d6,Giải phụ Đặc biệt,,771 047,,0,400000000
00712,d6,Giải Nhất,,751 067 010 001,Trùng 2 bộ ba số bất kỳ trong 4 bộ ba số,4,30000000
00712,d6,Giải Nhì,,457 673 181 971 540 900,Trùng 2 bộ ba số bất kỳ trong 6 bộ ba số,10,10000000
00712,d6,Giải Ba,,366 923 867 045 605 246 405 170,Trùng 2 bộ ba số bất kỳ trong 8 bộ ba số,7,4000000
00712,d6,Giải tư,,047 771 751 067 010 001 457 673 181 971 540 900 366 923 867 045 605 246 405 170,Trùng 2 bộ ba số bất kỳ trong 20 bộ ba số,43,1000000
00712,d6,Giải năm,,047 771,Trùng 1 bộ ba số bất kỳ trong 2 bộ ba số,500,100000
00712,d6,Giải sáu,,751 067 010 001 457 673 181 971 540 900 366 923 867 045 605 246 405 170,Trùng 1 bộ ba số bất kỳ trong 18 bộ ba số,4907,40000
00711,d6,Giải Đặc biệt,,277 865,,0,2000000000
00711,d6,Giải phụ Đặc biệt,,865 277,,0,400000000
00711,d6,Giải Nhất,,805 004 383 562,Trùng 2 bộ ba số bất kỳ trong 4 bộ ba số,0,30000000
00711,d6,Giải Nhì,,758 343 379 040 821 842,Trùng 2 bộ ba số bất kỳ trong 6 bộ ba số,6,10000000
00711,d6,Giải Ba,,526 143 841 851 154 316 201 490,Trùng 2 bộ ba số bất kỳ trong 8 bộ ba số,7,4000000
00711,d6,Giải tư,,277 865 805 004 383 562 758 343 379 040 821 842 526 143 841 851 154 316 201 490,Trùng 2 bộ ba số bất kỳ trong 20 bộ ba số,39,1000000
00711,d6,Giải năm,,277 865,Trùng 1 bộ ba số bất kỳ trong 2 bộ ba số,520,100000
00711,d6,Giải sáu,,805 004 383 562 758 343 379 040 821 842 526 143 841 851 154 316 201 490,Trùng 1 bộ ba số bất kỳ trong 18 bộ ba số,5078,40000
00710,d6,Giải Đặc biệt,,913 525,,0,2000000000
00710,d6,Giải phụ Đặc biệt,,525 913,,0,400000000
00710,d6,Giải Nhất,,266 613 432 398,Trùng 2 bộ ba số bất kỳ trong 4 bộ ba số,3,30000000
00710,d6,Giải Nhì,,544 778 048 658 111 898,Trùng 2 bộ ba số bất kỳ trong 6 bộ ba số,3,10000000
00710,d6,Giải Ba,,282 376 380 792 221 232 328 621,Trùng 2 bộ ba số bất kỳ trong 8 bộ ba số,6,4000000
00710,d6,Giải tư,,913 525 266 613 432 398 544 778 048 658 111 898 282 376 380 792 221 232 328 621,Trùng 2 bộ ba số bất kỳ trong 20 bộ ba số,50,1000000
00710,d6,Giải năm,,913 525,Trùng 1 bộ ba số bất kỳ trong 2 bộ ba số,638,100000
00710,d6,Giải sáu,,266 613 432 398 544 778 048 658 111 898 282 376 380 792 221 232 328 621,Trùng 1 bộ ba số bất kỳ trong 18 bộ ba số,5933,40000
00709,d6,Giải Đặc biệt,,847 801,,0,2000000000
00709,d6,Giải phụ Đặc biệt,,801 847,,0,400000000
00709,d6,Giải Nhất,,492 452 923 070,Trùng 2 bộ ba số bất kỳ trong 4 bộ ba số,0,30000000
00709,d6,Giải Nhì,,754 794 100 909 727 696,Trùng 2 bộ ba số bất kỳ trong 6 bộ ba số,7,10000000
00709,d6,Giải Ba,,094 579 062 053 769 493 566 038,Trùng 2 bộ ba số bất kỳ trong 8 bộ ba số,4,4000000
00709,d6,Giải tư,,847 801 492 452 923 070 754 794 100 909 727 696 094 579 062 053 769 493 566 038,Trùng 2 bộ ba số bất kỳ trong 20 bộ ba số,34,1000000
00709,d6,Giải năm,,847 801,Trùng 1 bộ ba số bất kỳ trong 2 bộ ba số,423,100000
00709,d6,Giải sáu,,492 452 923 070 754 794 100 909 727 696 094 579 062 053 769 493 566 038,Trùng 1 bộ ba số bất kỳ trong 18 bộ ba số,4651,40000
00708,d6,Giải Đặc biệt,,594 747,,0,2000000000
00708,d6,Giải phụ Đặc biệt,,747 594,,0,400000000
00708,d6,Giải Nhất,,969 085 412 919,Trùng 2 bộ ba số bất kỳ trong 4 bộ ba số,3,30000000
00708,d6,Giải Nhì,,463 885 115 200 115 217,Trùng 2 bộ ba số bất kỳ trong 6 bộ ba số,4,10000000
00708,d6,Giải Ba,,146 936 532 340 937 430 308 114,Trùng 2 bộ ba số bất kỳ trong 8 bộ ba số,3,4000000
00708,d6,Giải tư,,594 747 969 085 412 919 463 885 115 200 115 217 146 936 532 340 937 430 308 114,Trùng 2 bộ ba số bất kỳ trong 20 bộ ba số,30,1000000
00708,d6,Giải năm,,594 747,Trùng 1 bộ ba số bất kỳ trong 2 bộ ba số,489,100000
00708,d6,Giải sáu,,969 085 412 919 463 885 115 200 115 217 146 936 532 340 937 430 308 114,Trùng 1 bộ ba số bất kỳ trong 18 bộ ba số,5089,40000
00707,d6,Giải Đặc biệt,,987 537,,0,2000000000
00707,d6,Giải phụ Đặc biệt,,537 987,,0,400000000
00707,d6,Giải Nhất,,940 336 996 212,Trùng 2 bộ ba số bất kỳ trong 4 bộ ba số,2,30000000
00707,d6,Giải Nhì,,168 925 124 882 408 241,Trùng 2 bộ ba số bất kỳ trong 6 bộ ba số,2,10000000
00707,d6,Giải Ba,,644 215 656 046 231 858 611 525,Trùng 2 bộ ba số bất kỳ trong 8 bộ ba số,8,4000000
00707,d6,Giải tư,,987 537 940 336 996 212 168 925 124 882 408 241 644 215 656 046 231 858 611 525,Trùng 2 bộ ba số bất kỳ trong 20 bộ ba số,62,1000000
00707,d6,Giải năm,,987 537,Trùng 1 bộ ba số bất kỳ trong 2 bộ ba số,634,100000
00707,d6,Giải sáu,,940 336 996 212 168 925 124 882 408 241 644 215 656 046 231 858 611 525,Trùng 1 bộ ba số bất kỳ trong 18 bộ ba số,5735,40000
00706,d6,Giải Đặc biệt,,096 219,,0,2000000000
00706,d6,Giải phụ Đặc biệt,,219 096,,0,400000000
00706,d6,Giải Nhất,,407 019 592 090,Trùng 2 bộ ba số bất kỳ trong 4 bộ ba số,3,30000000
00706,d6,Giải Nhì,,598 810 667 628 817 002,Trùng 2 bộ ba số bất kỳ trong 6 bộ ba số,1,10000000
00706,d6,Giải Ba,,625 166 173 461 902 915 423 093,Trùng 2 bộ ba số bất kỳ trong 8 bộ ba số,7,4000000
00706,d6,Giải tư,,096 219 407 019 592 090 598 810 667 628 817 002 625 166 173 461 902 915 423 093,Trùng 2 bộ ba số bất kỳ trong 20 bộ ba số,34,1000000
00706,d6,Giải năm,,096 219,Trùng 1 bộ ba số bất kỳ trong 2 bộ ba số,414,100000
00706,d6,Giải sáu,,407 019 592 090 598 810 667 628 817 002 625 166 173 461 902 915 423 093,Trùng 1 bộ ba số bất kỳ trong 18 bộ ba số,4214,40000
00705,d6,Giải Đặc biệt,,466 417,,0,2000000000
00705,d6,Giải phụ Đặc biệt,,417 466,,0,400000000
00705,d6,Giải Nhất,,578 290 267 169,Trùng 2 bộ ba số bất kỳ trong 4 bộ ba số,0,30000000
00705,d6,Giải Nhì,,178 215 559 960 533 619,Trùng 2 bộ ba số bất kỳ trong 6 bộ ba số,11,10000000
00705,d6,Giải Ba,,399 867 197 546 054 305 621 008,Trùng 2 bộ ba số bất kỳ trong 8 bộ ba số,1,4000000
00705,d6,Giải tư,,466 417 578 290 267 169 178 215 559 960 533 619 399 867 197 546 054 305 621 008,Trùng 2 bộ ba số bất kỳ trong 20 bộ ba số,54,1000000
00705,d6,Giải năm,,466 417,Trùng 1 bộ ba số bất kỳ trong 2 bộ ba số,796,100000
00705,d6,Giải sáu,,578 290 267 169 178 215 559 960 533 619 399 867 197 546 054 305 621 008,Trùng 1 bộ ba số bất kỳ trong 18 bộ ba số,5252,40000
00704,d6,Giải Đặc biệt,,917 186,,0,2000000000
00704,d6,Giải phụ Đặc biệt,,186 917,,0,400000000
00704,d6,Giải Nhất,,439 315 414 093,Trùng 2 bộ ba số bất kỳ trong 4 bộ ba số,2,30000000
00704,d6,Giải Nhì,,164 471 721 780 910 096,Trùng 2 bộ ba số bất kỳ trong 6 bộ ba số,1,10000000
00704,d6,Giải Ba,,666 078 352 971 503 873 865 406,Trùng 2 bộ ba số bất kỳ trong 8 bộ ba số,13,4000000
00704,d6,Giải tư,,917 186 439 315 414 093 164 471 721 780 910 096 666 078 352 971 503 873 865 406,Trùng 2 bộ ba số bất kỳ trong 20 bộ ba số,39,1000000
00704,d6,Giải năm,,917 186,Trùng 1 bộ ba số bất kỳ trong 2 bộ ba số,756,100000
00704,d6,Giải sáu,,439 315 414 093 164 471 721 780 910 096 666 078 352 971 503 873 865 406,Trùng 1 bộ ba số bất kỳ trong 18 bộ ba số,5226,40000
00703,d6,Giải Đặc biệt,,178 794,,5,2000000000
00703,d6,Giải phụ Đặc biệt,,794 178,,0,400000000
00703,d6,Giải Nhất,,535 246 483 954,Trùng 2 bộ ba số bất kỳ trong 4 bộ ba số,3,30000000
00703,d6,Giải Nhì,,994 667 209 797 743 759,Trùng 2 bộ ba số bất kỳ trong 6 bộ ba số,8,10000000
00703,d6,Giải Ba,,725 711 860 026 609 925 561 909,Trùng 2 bộ ba số bất kỳ trong 8 bộ ba số,4,4000000
00703,d6,Giải tư,,178 794 535 246 483 954 994 667 209 797 743 759 725 711 860 026 609 925 561 909,Trùng 2 bộ ba số bất kỳ trong 20 bộ ba số,41,1000000
00703,d6,Giải năm,,178 794,Trùng 1 bộ ba số bất kỳ trong 2 bộ ba số,584,100000
00703,d6,Giải sáu,,535 246 483 954 994 667 209 797 743 759 725 711 860 026 609 925 561 909,Trùng 1 bộ ba số bất kỳ trong 18 bộ ba số,5348,40000
00702,d6,Giải Đặc biệt,,474 877,,0,2000000000
00702,d6,Giải phụ Đặc biệt,,877 474,,0,400000000
00702,d6,Giải Nhất,,542 357 726 992,Trùng 2 bộ ba số bất kỳ trong 4 bộ ba số,11,30000000
00702,d6,Giải Nhì,,704 334 598 993 431 347,Trùng 2 bộ ba số bất kỳ trong 6 bộ ba số,1,10000000
00702,d6,Giải Ba,,958 011 686 793 916 290 045 911,Trùng 2 bộ ba số bất kỳ trong 8 bộ ba số,6,4000000
00702,d6,Giải tư,,474 877 542 357 726 992 704 334 598 993 431 347 958 011 686 793 916 290 045 911,Trùng 2 bộ ba số bất kỳ trong 20 bộ ba số,66,1000000
00702,d6,Giải năm,,474 877,Trùng 1 bộ ba số bất kỳ trong 2 bộ ba số,563,100000
00702,d6,Giải sáu,,542 357 726 992 704 334 598 993 431 347 958 011 686 793 916 290 045 911,Trùng 1 bộ ba số bất kỳ trong 18 bộ ba số,5959,40000
00701,d6,Giải Đặc biệt,,990 993,,1,2000000000
00701,d6,Giải phụ Đặc biệt,,993 990,,1,400000000
00701,d6,Giải Nhất,,934 708 073 779,Trùng 2 bộ ba số bất kỳ trong 4 bộ ba số,1,30000000
00701,d6,Giải Nhì,,930 678 653 644 118 794,Trùng 2 bộ ba số bất kỳ trong 6 bộ ba số,5,10000000
00701,d6,Giải Ba,,363 736 330 977 592 558 090 986,Trùng 2 bộ ba số bất kỳ trong 8 bộ ba số,7,4000000
00701,d6,Giải tư,,990 993 934 708 073 779 930 678 653 644 118 794 363 736 330 977 592 558 090 986,Trùng 2 bộ ba số bất kỳ trong 20 bộ ba số,49,1000000
00701,d6,Giải năm,,990 993,Trùng 1 bộ ba số bất kỳ trong 2 bộ ba số,560,100000
00701,d6,Giải sáu,,934 708 073 779 930 678 653 644 118 794 363 736 330 977 592 558 090 986,Trùng 1 bộ ba số bất kỳ trong 18 bộ ba số,5268,40000
00700,d6,Giải Đặc biệt,,325 356,,1,2000000000
00700,d6,Giải phụ Đặc biệt,,356 325,,2,400000000
00700,d6,Giải Nhất,,746 795 535 512,Trùng 2 bộ ba số bất kỳ trong 4 bộ ba số,1,30000000
00700,d6,Giải Nhì,,851 807 346 884 828 502,Trùng 2 bộ ba số bất kỳ trong 6 bộ ba số,6,10000000
00700,d6,Giải Ba,,630 136 084 694 682 823 895 099,Trùng 2 bộ ba số bất kỳ trong 8 bộ ba số,7,4000000
00700,d6,Giải tư,,325 356 746 795 535 512 851 807 346 884 828 502 630 136 084 694 682 823 895 099,Trùng 2 bộ ba số bất kỳ trong 20 bộ ba số,63,1000000
00700,d6,Giải năm,,325 356,Trùng 1 bộ ba số bất kỳ trong 2 bộ ba số,784,100000
00700,d6,Giải sáu,,746 795 535 512 851 807 346 884 828 502 630 136 084 694 682 823 895 099,Trùng 1 bộ ba số bất kỳ trong 18 bộ ba số,4852,40000
00699,d6,Giải Đặc biệt,,367 138,,0,2000000000
00699,d6,Giải phụ Đặc biệt,,138 367,,0,400000000
00699,d6,Giải Nhất,,207 468 135 215,Trùng 2 bộ ba số bất kỳ trong 4 bộ ba số,14,30000000
00699,d6,Giải Nhì,,855 549 253 440 374 448,Trùng 2 bộ ba số bất kỳ trong 6 bộ ba số,5,10000000
00699,d6,Giải Ba,,307 436 726 223 087 513 666 517,Trùng 2 bộ ba số bất kỳ trong 8 bộ ba số,3,4000000
00699,d6,Giải tư,,367 138 207 468 135 215 855 549 253 440 374 448 307 436 726 223 087 513 666 517,Trùng 2 bộ ba số bất kỳ trong 20 bộ ba số,112,1000000
00699,d6,Giải năm,,367 138,Trùng 1 bộ ba số bất kỳ trong 2 bộ ba số,880,100000
00699,d6,Giải sáu,,207 468 135 215 855 549 253 440 374 448 307 436 726 223 087 513 666 517,Trùng 1 bộ ba số bất kỳ trong 18 bộ ba số,6259,40000
00698,d6,Giải Đặc biệt,,776 308,,0,2000000000
00698,d6,Giải phụ Đặc biệt,,308 776,,0,400000000
00698,d6,Giải Nhất,,299 600 808 865,Trùng 2 bộ ba số bất kỳ trong 4 bộ ba số,1,30000000
00698,d6,Giải Nhì,,851 914 857 039 368 161,Trùng 2 bộ ba số bất kỳ trong 6 bộ ba số,5,10000000
00698,d6,Giải Ba,,496 879 543 950 790 737 493 217,Trùng 2 bộ ba số bất kỳ trong 8 bộ ba số,3,4000000
00698,d6,Giải tư,,776 308 299 600 808 865 851 914 857 039 368 161 496 879 543 950 790 737 493 217,Trùng 2 bộ ba số bất kỳ trong 20 bộ ba số,79,1000000
00698,d6,Giải năm,,776 308,Trùng 1 bộ ba số bất kỳ trong 2 bộ ba số,559,100000
00698,d6,Giải sáu,,299 600 808 865 851 914 857 039 368 161 496 879 543 950 790 737 493 217,Trùng 1 bộ ba số bất kỳ trong 18 bộ ba số,5462,40000
00697,d6,Giải Đặc biệt,,259 226,,0,2000000000
00697,d6,Giải phụ Đặc biệt,,226 259,,0,400000000
00697,d6,Giải Nhất,,653 043 978 002,Trùng 2 bộ ba số bất kỳ trong 4 bộ ba số,1,30000000
00697,d6,Giải Nhì,,912 347 720 904 408 871,Trùng 2 bộ ba số bất kỳ trong 6 bộ ba số,2,10000000
00697,d6,Giải Ba,,801 842 223 545 883 715 119 530,Trùng 2 bộ ba số bất kỳ trong 8 bộ ba số,8,4000000
00697,d6,Giải tư,,259 226 653 043 978 002 912 347 720 904 408 871 801 842 223 545 883 715 119 530,Trùng 2 bộ ba số bất kỳ trong 20 bộ ba số,43,1000000
00697,d6,Giải năm,,259 226,Trùng 1 bộ ba số bất kỳ trong 2 bộ ba số,671,100000
00697,d6,Giải sáu,,653 043 978 002 912 347 720 904 408 871 801 842 223 545 883 715 119 530,Trùng 1 bộ ba số bất kỳ trong 18 bộ ba số,4722,40000
00696,d6,Giải Đặc biệt,,945 123,,0,2000000000
00696,d6,Giải phụ Đặc biệt,,123 945,,0,400000000
00696,d6,Giải Nhất,,458 644 743 636,Trùng 2 bộ ba số bất kỳ trong 4 bộ ba số,0,30000000
00696,d6,Giải Nhì,,648 296 006 709 677 553,Trùng 2 bộ ba số bất kỳ trong 6 bộ ba số,5,10000000
00696,d6,Giải Ba,,464 824 062 750 282 385 212 249,Trùng 2 bộ ba số bất kỳ trong 8 bộ ba số,7,4000000
00696,d6,Giải tư,,945 123 458 644 743 636 648 296 006 709 677 553 464 824 062 750 282 385 212 249,Trùng 2 bộ ba số bất kỳ trong 20 bộ ba số,45,1000000
00696,d6,Giải năm,,945 123,Trùng 1 bộ ba số bất kỳ trong 2 bộ ba số,613,100000
00696,d6,Giải sáu,,458 644 743 636 648 296 006 709 677 553 464 824 062 750 282 385 212 249,Trùng 1 bộ ba số bất kỳ trong 18 bộ ba số,4920,40000
00695,d6,Giải Đặc biệt,,600 907,,0,2000000000
00695,d6,Giải phụ Đặc biệt,,907 600,,0,400000000
00695,d6,Giải Nhất,,832 814 061 173,Trùng 2 bộ ba số bất kỳ trong 4 bộ ba số,2,30000000
00695,d6,Giải Nhì,,729 545 899 073 998 785,Trùng 2 bộ ba số bất kỳ trong 6 bộ ba số,5,10000000
00695,d6,Giải Ba,,908 613 401 734 834 296 246 998,Trùng 2 bộ ba số bất kỳ trong 8 bộ ba số,7,4000000
00695,d6,Giải tư,,600 907 832 814 061 173 729 545 899 073 998 785 908 613 401 734 834 296 246 998,Trùng 2 bộ ba số bất kỳ trong 20 bộ ba số,65,1000000
00695,d6,Giải năm,,600 907,Trùng 1 bộ ba số bất kỳ trong 2 bộ ba số,324,100000
00695,d6,Giải sáu,,832 814 061 173 729 545 899 073 998 785 908 613 401 734 834 296 246 998,Trùng 1 bộ ba số bất kỳ trong 18 bộ ba số,4845,40000
00694,d6,Giải Đặc biệt,,734 446,,0,2000000000
00694,d6,Giải phụ Đặc biệt,,446 734,,0,400000000
00694,d6,Giải Nhất,,439 391 624 192,Trùng 2 bộ ba số bất kỳ trong 4 bộ ba số,2,30000000
00694,d6,Giải Nhì,,621 923 713 115 766 599,Trùng 2 bộ ba số bất kỳ trong 6 bộ ba số,11,10000000
00694,d6,Giải Ba,,428 798 154 089 849 198 555 963,Trùng 2 bộ ba số bất kỳ trong 8 bộ ba số,8,4000000
00694,d6,Giải tư,,734 446 439 391 624 192 621 923 713 115 766 599 428 798 154 089 849 198 555 963,Trùng 2 bộ ba số bất kỳ trong 20 bộ ba số,47,1000000
00694,d6,Giải năm,,734 446,Trùng 1 bộ ba số bất kỳ trong 2 bộ ba số,556,100000
00694,d6,Giải sáu,,439 391 624 192 621 923 713 115 766 599 428 798 154 089 849 198 555 963,Trùng 1 bộ ba số bất kỳ trong 18 bộ ba số,4746,40000
00693,d6,Giải Đặc biệt,,535 693,,0,2000000000
00693,d6,Giải phụ Đặc biệt,,693 535,,0,400000000
00693,d6,Giải Nhất,,874 365 316 851,Trùng 2 bộ ba số bất kỳ trong 4 bộ ba số,3,30000000
00693,d6,Giải Nhì,,924 428 285 238 780 955,Trùng 2 bộ ba số bất kỳ trong 6 bộ ba số,2,10000000
00693,d6,Giải Ba,,146 603 222 307 295 328 599 741,Trùng 2 bộ ba số bất kỳ trong 8 bộ ba số,7,4000000
00693,d6,Giải tư,,535 693 874 365 316 851 924 428 285 238 780 955 146 603 222 307 295 328 599 741,Trùng 2 bộ ba số bất kỳ trong 20 bộ ba số,58,1000000
00693,d6,Giải năm,,535 693,Trùng 1 bộ ba số bất kỳ trong 2 bộ ba số,739,100000
00693,d6,Giải sáu,,874 365 316 851 924 428 285 238 780 955 146 603 222 307 295 328 599 741,Trùng 1 bộ ba số bất kỳ trong 18 bộ ba số,5417,40000
00692,d6,Giải Đặc biệt,,577 323,,0,2000000000
00692,d6,Giải phụ Đặc biệt,,323 577,,0,400000000
00692,d6,Giải Nhất,,086 187 212 031,Trùng 2 bộ ba số bất kỳ trong 4 bộ ba số,2,30000000
00692,d6,Giải Nhì,,550 491 888 845 109 725,Trùng 2 bộ ba số bất kỳ trong 6 bộ ba số,3,10000000
00692,d6,Giải Ba,,738 037 681 131 157 102 743 724,Trùng 2 bộ ba số bất kỳ trong 8 bộ ba số,9,4000000
00692,d6,Giải tư,,577 323 086 187 212 031 550 491 888 845 109 725 738 037 681 131 157 102 743 724,Trùng 2 bộ ba số bất kỳ trong 20 bộ ba số,50,1000000
00692,d6,Giải năm,,577 323,Trùng 1 bộ ba số bất kỳ trong 2 bộ ba số,657,100000
00692,d6,Giải sáu,,086 187 212 031 550 491 888 845 109 725 738 037 681 131 157 102 743 724,Trùng 1 bộ ba số bất kỳ trong 18 bộ ba số,5870,40000
00691,d6,Giải Đặc biệt,,995 287,,0,2000000000
00691,d6,Giải phụ Đặc biệt,,287 995,,0,400000000
00691,d6,Giải Nhất,,615 412 166 798,Trùng 2 bộ ba số bất kỳ trong 4 bộ ba số,0,30000000
00691,d6,Giải Nhì,,667 215 814 781 173 537,Trùng 2 bộ ba số bất kỳ trong 6 bộ ba số,3,10000000
00691,d6,Giải Ba,,684 480 499 358 048 037 641 105,Trùng 2 bộ ba số bất kỳ trong 8 bộ ba số,3,4000000
00691,d6,Giải tư,,995 287 615 412 166 798 667 215 814 781 173 537 684 480 499 358 048 037 641 105,Trùng 2 bộ ba số bất kỳ trong 20 bộ ba số,54,1000000
00691,d6,Giải năm,,995 287,Trùng 1 bộ ba số bất kỳ trong 2 bộ ba số,530,100000
00691,d6,Giải sáu,,615 412 166 798 667 215 814 781 173 537 684 480 499 358 048 037 641 105,Trùng 1 bộ ba số bất kỳ trong 18 bộ ba số,5078,40000
00690,d6,Giải Đặc biệt,,909 185,,0,2000000000
00690,d6,Giải phụ Đặc biệt,,185 909,,0,400000000
00690,d6,Giải Nhất,,186 315 766 180,Trùng 2 bộ ba số bất kỳ trong 4 bộ ba số,6,30000000
00690,d6,Giải Nhì,,541 634 125 266 970 187,Trùng 2 bộ ba số bất kỳ trong 6 bộ ba số,1,10000000
00690,d6,Giải Ba,,418 659 840 462 630 507 829 808,Trùng 2 bộ ba số bất kỳ trong 8 bộ ba số,8,4000000
00690,d6,Giải tư,,909 185 186 315 766 180 541 634 125 266 970 187 418 659 840 462 630 507 829 808,Trùng 2 bộ ba số bất kỳ trong 20 bộ ba số,50,1000000
00690,d6,Giải năm,,909 185,Trùng 1 bộ ba số bất kỳ trong 2 bộ ba số,834,100000
00690,d6,Giải sáu,,186 315 766 180 541 634 125 266 970 187 418 659 840 462 630 507 829 808,Trùng 1 bộ ba số bất kỳ trong 18 bộ ba số,5561,40000
00689,d6,Giải Đặc biệt,,555 461,,0,2000000000
00689,d6,Giải phụ Đặc biệt,,461 555,,0,400000000
00689,d6,Giải Nhất,,101 240 634 963,Trùng 2 bộ ba số bất kỳ trong 4 bộ ba số,12,30000000
00689,d6,Giải Nhì,,250 444 050 152 156 702,Trùng 2 bộ ba số bất kỳ trong 6 bộ ba số,1,10000000
00689,d6,Giải Ba,,005 963 898 369 600 012 207 318,Trùng 2 bộ ba số bất kỳ trong 8 bộ ba số,8,4000000
00689,d6,Giải tư,,555 461 101 240 634 963 250 444 050 152 156 702 005 963 898 369 600 012 207 318,Trùng 2 bộ ba số bất kỳ trong 20 bộ ba số,80,1000000
00689,d6,Giải năm,,555 461,Trùng 1 bộ ba số bất kỳ trong 2 bộ ba số,497,100000
00689,d6,Giải sáu,,101 240 634 963 250 444 050 152 156 702 005 963 898 369 600 012 207 318,Trùng 1 bộ ba số bất kỳ trong 18 bộ ba số,5666,40000
00688,d6,Giải Đặc biệt,,335 852,,0,2000000000
00688,d6,Giải phụ Đặc biệt,,852 335,,0,400000000
00688,d6,Giải Nhất,,022 154 789 597,Trùng 2 bộ ba số bất kỳ trong 4 bộ ba số,1,30000000
00688,d6,Giải Nhì,,230 326 786 337 352 056,Trùng 2 bộ ba số bất kỳ trong 6 bộ ba số,6,10000000
00688,d6,Giải Ba,,670 558 833 939 460 334 116 725,Trùng 2 bộ ba số bất kỳ trong 8 bộ ba số,8,4000000
00688,d6,Giải tư,,335 852 022 154 789 597 230 326 786 337 352 056 670 558 833 939 460 334 116 725,Trùng 2 bộ ba số bất kỳ trong 20 bộ ba số,80,1000000
00688,d6,Giải năm,,335 852,Trùng 1 bộ ba số bất kỳ trong 2 bộ ba số,729,100000
00688,d6,Giải sáu,,022 154 789 597 230 326 786 337 352 056 670 558 833 939 460 334 116 725,Trùng 1 bộ ba số bất kỳ trong 18 bộ ba số,6033,40000
00687,d6,Giải Đặc biệt,,813 247,,0,2000000000
00687,d6,Giải phụ Đặc biệt,,247 813,,0,400000000
00687,d6,Giải Nhất,,742 592 400 687,Trùng 2 bộ ba số bất kỳ trong 4 bộ ba số,4,30000000
00687,d6,Giải Nhì,,041 601 132 734 796 571,Trùng 2 bộ ba số bất kỳ trong 6 bộ ba số,2,10000000
00687,d6,Giải Ba,,035 495 119 107 886 796 751 371,Trùng 2 bộ ba số bất kỳ trong 8 bộ ba số,5,4000000
00687,d6,Giải tư,,813 247 742 592 400 687 041 601 132 734 796 571 035 495 119 107 886 796 751 371,Trùng 2 bộ ba số bất kỳ trong 20 bộ ba số,44,1000000
00687,d6,Giải năm,,813 247,Trùng 1 bộ ba số bất kỳ trong 2 bộ ba số,746,100000
00687,d6,Giải sáu,,742 592 400 687 041 601 132 734 796 571 035 495 119 107 886 796 751 371,Trùng 1 bộ ba số bất kỳ trong 18 bộ ba số,5867,40000
00686,d6,Giải Đặc biệt,,161 855,,0,2000000000
00686,d6,Giải phụ Đặc biệt,,855 161,,0,400000000
00686,d6,Giải Nhất,,435 764 214 039,Trùng 2 bộ ba số bất kỳ trong 4 bộ ba số,2,30000000
00686,d6,Giải Nhì,,907 746 060 697 297 784,Trùng 2 bộ ba số bất kỳ trong 6 bộ ba số,6,10000000
00686,d6,Giải Ba,,863 842 139 552 458 655 441 699,Trùng 2 bộ ba số bất kỳ trong 8 bộ ba số,16,4000000
00686,d6,Giải tư,,161 855 435 764 214 039 907 746 060 697 297 784 863 842 139 552 458 655 441 699,Trùng 2 bộ ba số bất kỳ trong 20 bộ ba số,56,1000000
00686,d6,Giải năm,,161 855,Trùng 1 bộ ba số bất kỳ trong 2 bộ ba số,529,100000
00686,d6,Giải sáu,,435 764 214 039 907 746 060 697 297 784 863 842 139 552 458 655 441 699,Trùng 1 bộ ba số bất kỳ trong 18 bộ ba số,5513,40000
00685,d6,Giải Đặc biệt,,157 958,,0,2000000000
00685,d6,Giải phụ Đặc biệt,,958 157,,0,400000000
00685,d6,Giải Nhất,,096 739 316 868,Trùng 2 bộ ba số bất kỳ trong 4 bộ ba số,6,30000000
00685,d6,Giải Nhì,,788 962 623 113 712 201,Trùng 2 bộ ba số bất kỳ trong 6 bộ ba số,5,10000000
00685,d6,Giải Ba,,162 637 206 260 431 653 474 969,Trùng 2 bộ ba số bất kỳ trong 8 bộ ba số,5,4000000
00685,d6,Giải tư,,157 958 096 739 316 868 788 962 623 113 712 201 162 637 206 260 431 653 474 969,Trùng 2 bộ ba số bất kỳ trong 20 bộ ba số,55,1000000
00685,d6,Giải năm,,157 958,Trùng 1 bộ ba số bất kỳ trong 2 bộ ba số,502,100000
00685,d6,Giải sáu,,096 739 316 868 788 962 623 113 712 201 162 637 206 260 431 653 474 969,Trùng 1 bộ ba số bất kỳ trong 18 bộ ba số,5949,40000
00684,d6,Giải Đặc biệt,,735 401,,0,2000000000
00684,d6,Giải phụ Đặc biệt,,401 735,,0,400000000
00684,d6,Giải Nhất,,581 776 314 534,Trùng 2 bộ ba số bất kỳ trong 4 bộ ba số,4,30000000
00684,d6,Giải Nhì,,242 161 597 716 292 826,Trùng 2 bộ ba số bất kỳ trong 6 bộ ba số,2,10000000
00684,d6,Giải Ba,,747 363 435 435 768 658 869 211,Trùng 2 bộ ba số bất kỳ trong 8 bộ ba số,10,4000000
00684,d6,Giải tư,,735 401 581 776 314 534 242 161 597 716 292 826 747 363 435 435 768 658 869 211,Trùng 2 bộ ba số bất kỳ trong 20 bộ ba số,52,1000000
00684,d6,Giải năm,,735 401,Trùng 1 bộ ba số bất kỳ trong 2 bộ ba số,497,100000
00684,d6,Giải sáu,,581 776 314 534 242 161 597 716 292 826 747 363 435 435 768 658 869 211,Trùng 1 bộ ba số bất kỳ trong 18 bộ ba số,6083,40000
00683,d6,Giải Đặc biệt,,901 590,,0,2000000000
00683,d6,Giải phụ Đặc biệt,,590 901,,0,400000000
00683,d6,Giải Nhất,,926 213 838 219,Trùng 2 bộ ba số bất kỳ trong 4 bộ ba số,2,30000000
00683,d6,Giải Nhì,,937 744 062 375 718 651,Trùng 2 bộ ba số bất kỳ trong 6 bộ ba số,4,10000000
00683,d6,Giải Ba,,281 743 993 724 063 896 111 065,Trùng 2 bộ ba số bất kỳ trong 8 bộ ba số,8,4000000
00683,d6,Giải tư,,901 590 926 213 838 219 937 744 062 375 718 651 281 743 993 724 063 896 111 065,Trùng 2 bộ ba số bất kỳ trong 20 bộ ba số,61,1000000
00683,d6,Giải năm,,901 590,Trùng 1 bộ ba số bất kỳ trong 2 bộ ba số,367,100000
00683,d6,Giải sáu,,926 213 838 219 937 744 062 375 718 651 281 743 993 724 063 896 111 065,Trùng 1 bộ ba số bất kỳ trong 18 bộ ba số,5000,40000
00682,d6,Giải Đặc biệt,,720 469,,0,2000000000
00682,d6,Giải phụ Đặc biệt,,469 720,,0,400000000
00682,d6,Giải Nhất,,083 799 700 498,Trùng 2 bộ ba số bất kỳ trong 4 bộ ba số,6,30000000
00682,d6,Giải Nhì,,787 849 122 458 211 328,Trùng 2 bộ ba số bất kỳ trong 6 bộ ba số,5,10000000
00682,d6,Giải Ba,,450 489 321 125 423 568 124 804,Trùng 2 bộ ba số bất kỳ trong 8 bộ ba số,11,4000000
00682,d6,Giải tư,,720 469 083 799 700 498 787 849 122 458 211 328 450 489 321 125 423 568 124 804,Trùng 2 bộ ba số bất kỳ trong 20 bộ ba số,54,1000000
00682,d6,Giải năm,,720 469,Trùng 1 bộ ba số bất kỳ trong 2 bộ ba số,443,100000
00682,d6,Giải sáu,,083 799 700 498 787 849 122 458 211 328 450 489 321 125 423 568 124 804,Trùng 1 bộ ba số bất kỳ trong 18 bộ ba số,4511,40000
00681,d6,Giải Đặc biệt,,476 095,,1,2000000000
00681,d6,Giải phụ Đặc biệt,,095 476,,1,400000000
00681,d6,Giải Nhất,,381 140 583 403,Trùng 2 bộ ba số bất kỳ trong 4 bộ ba số,8,30000000
00681,d6,Giải Nhì,,142 016 246 072 223 370,Trùng 2 bộ ba số bất kỳ trong 6 bộ ba số,6,10000000
00681,d6,Giải Ba,,057 217 454 146 315 187 037 826,Trùng 2 bộ ba số bất kỳ trong 8 bộ ba số,1,4000000
00681,d6,Giải tư,,476 095 381 140 583 403 142 016 246 072 223 370 057 217 454 146 315 187 037 826,Trùng 2 bộ ba số bất kỳ trong 20 bộ ba số,37,1000000
00681,d6,Giải năm,,476 095,Trùng 1 bộ ba số bất kỳ trong 2 bộ ba số,446,100000
00681,d6,Giải sáu,,381 140 583 403 142 016 246 072 223 370 057 217 454 146 315 187 037 826,Trùng 1 bộ ba số bất kỳ trong 18 bộ ba số,4591,40000
00680,d6,Giải Đặc biệt,,746 888,,0,2000000000
00680,d6,Giải phụ Đặc biệt,,888 746,,0,400000000
00680,d6,Giải Nhất,,209 104 313 142,Trùng 2 bộ ba số bất kỳ trong 4 bộ ba số,1,30000000
00680,d6,Giải Nhì,,440 551 347 726 220 289,Trùng 2 bộ ba số bất kỳ trong 6 bộ ba số,2,10000000
00680,d6,Giải Ba,,699 033 191 564 233 005 643 751,Trùng 2 bộ ba số bất kỳ trong 8 bộ ba số,2,4000000
00680,d6,Giải tư,,746 888 209 104 313 142 440 551 347 726 220 289 699 033 191 564 233 005 643 751,Trùng 2 bộ ba số bất kỳ trong 20 bộ ba số,30,1000000
00680,d6,Giải năm,,746 888,Trùng 1 bộ ba số bất kỳ trong 2 bộ ba số,549,100000
00680,d6,Giải sáu,,209 104 313 142 440 551 347 726 220 289 699 033 191 564 233 005 643 751,Trùng 1 bộ ba số bất kỳ trong 18 bộ ba số,4656,40000
00679,d6,Giải Đặc biệt,,973 168,,0,2000000000
00679,d6,Giải phụ Đặc biệt,,168 973,,0,400000000
00679,d6,Giải Nhất,,533 763 839 577,Trùng 2 bộ ba số bất kỳ trong 4 bộ ba số,1,30000000
00679,d6,Giải Nhì,,339 010 755 382 502 413,Trùng 2 bộ ba số bất kỳ trong 6 bộ ba số,1,10000000
00679,d6,Giải Ba,,868 060 011 385 174 275 865 302,Trùng 2 bộ ba số bất kỳ trong 8 bộ ba số,11,4000000
00679,d6,Giải tư,,973 168 533 763 839 577 339 010 755 382 502 413 868 060 011 385 174 275 865 302,Trùng 2 bộ ba số bất kỳ trong 20 bộ ba số,58,1000000
00679,d6,Giải năm,,973 168,Trùng 1 bộ ba số bất kỳ trong 2 bộ ba số,653,100000
00679,d6,Giải sáu,,533 763 839 577 339 010 755 382 502 413 868 060 011 385 174 275 865 302,Trùng 1 bộ ba số bất kỳ trong 18 bộ ba số,4498,40000
00678,d6,Giải Đặc biệt,,488 601,,15,2000000000
00678,d6,Giải phụ Đặc biệt,,601 488,,15,400000000
00678,d6,Giải Nhất,,740 289 503 913,Trùng 2 bộ ba số bất kỳ trong 4 bộ ba số,1,30000000
00678,d6,Giải Nhì,,273 426 194 253 040 725,Trùng 2 bộ ba số bất kỳ trong 6 bộ ba số,3,10000000
00678,d6,Giải Ba,,369 327 671 081 084 828 523 704,Trùng 2 bộ ba số bất kỳ trong 8 bộ ba số,4,4000000
00678,d6,Giải tư,,488 601 740 289 503 913 273 426 194 253 040 725 369 327 671 081 084 828 523 704,Trùng 2 bộ ba số bất kỳ trong 20 bộ ba số,60,1000000
00678,d6,Giải năm,,488 601,Trùng 1 bộ ba số bất kỳ trong 2 bộ ba số,422,100000
00678,d6,Giải sáu,,740 289 503 913 273 426 194 253 040 725 369 327 671 081 084 828 523 704,Trùng 1 bộ ba số bất kỳ trong 18 bộ ba số,4574,40000
00677,d6,Giải Đặc biệt,,235 479,,0,2000000000
00677,d6,Giải phụ Đặc biệt,,479 235,,0,400000000
00677,d6,Giải Nhất,,761 467 138 079,Trùng 2 bộ ba số bất kỳ trong 4 bộ ba số,0,30000000
00677,d6,Giải Nhì,,762 734 446 404 234 192,Trùng 2 bộ ba số bất kỳ trong 6 bộ ba số,1,10000000
00677,d6,Giải Ba,,300 897 032 279 115 871 981 769,Trùng 2 bộ ba số bất kỳ trong 8 bộ ba số,3,4000000
00677,d6,Giải tư,,235 479 761 467 138 079 762 734 446 404 234 192 300 897 032 279 115 871 981 769,Trùng 2 bộ ba số bất kỳ trong 20 bộ ba số,26,1000000
00677,d6,Giải năm,,235 479,Trùng 1 bộ ba số bất kỳ trong 2 bộ ba số,794,100000
00677,d6,Giải sáu,,761 467 138 079 762 734 446 404 234 192 300 897 032 279 115 871 981 769,Trùng 1 bộ ba số bất kỳ trong 18 bộ ba số,4915,40000
00676,d6,Giải Đặc biệt,,388 370,,0,2000000000
00676,d6,Giải phụ Đặc biệt,,370 388,,0,400000000
00676,d6,Giải Nhất,,052 992 685 586,Trùng 2 bộ ba số bất kỳ trong 4 bộ ba số,2,30000000
00676,d6,Giải Nhì,,045 570 855 618 181 236,Trùng 2 bộ ba số bất kỳ trong 6 bộ ba số,5,10000000
00676,d6,Giải Ba,,500 021 667 849 813 382 775 846,Trùng 2 bộ ba số bất kỳ trong 8 bộ ba số,4,4000000
00676,d6,Giải tư,,388 370 052 992 685 586 045 570 855 618 181 236 500 021 667 849 813 382 775 846,Trùng 2 bộ ba số bất kỳ trong 20 bộ ba số,46,1000000
00676,d6,Giải năm,,388 370,Trùng 1 bộ ba số bất kỳ trong 2 bộ ba số,588,100000
00676,d6,Giải sáu,,052 992 685 586 045 570 855 618 181 236 500 021 667 849 813 382 775 846,Trùng 1 bộ ba số bất kỳ trong 18 bộ ba số,4614,40000
00675,d6,Giải Đặc biệt,,269 976,,0,2000000000
00675,d6,Giải phụ Đặc biệt,,976 269,,0,400000000
00675,d6,Giải Nhất,,212 045 166 886,Trùng 2 bộ ba số bất kỳ trong 4 bộ ba số,1,30000000
00675,d6,Giải Nhì,,175 251 054 167 511 656,Trùng 2 bộ ba số bất kỳ trong 6 bộ ba số,4,10000000
00675,d6,Giải Ba,,550 617 031 990 417 434 216 314,Trùng 2 bộ ba số bất kỳ trong 8 bộ ba số,6,4000000
00675,d6,Giải tư,,269 976 212 045 166 886 175 251 054 167 511 656 550 617 031 990 417 434 216 314,Trùng 2 bộ ba số bất kỳ trong 20 bộ ba số,48,1000000
00675,d6,Giải năm,,269 976,Trùng 1 bộ ba số bất kỳ trong 2 bộ ba số,645,100000
00675,d6,Giải sáu,,212 045 166 886 175 251 054 167 511 656 550 617 031 990 417 434 216 314,Trùng 1 bộ ba số bất kỳ trong 18 bộ ba số,4757,40000
00674,d6,Giải Đặc biệt,,700 992,,0,2000000000
00674,d6,Giải phụ Đặc biệt,,992 700,,0,400000000
00674,d6,Giải Nhất,,979 945 716 026,Trùng 2 bộ ba số bất kỳ trong 4 bộ ba số,0,30000000
00674,d6,Giải Nhì,,833 938 133 237 377 863,Trùng 2 bộ ba số bất kỳ trong 6 bộ ba số,1,10000000
00674,d6,Giải Ba,,674 795 548 117 506 517 562 835,Trùng 2 bộ ba số bất kỳ trong 8 bộ ba số,5,4000000
00674,d6,Giải tư,,700 992 979 945 716 026 833 938 133 237 377 863 674 795 548 117 506 517 562 835,Trùng 2 bộ ba số bất kỳ trong 20 bộ ba số,29,1000000
00674,d6,Giải năm,,700 992,Trùng 1 bộ ba số bất kỳ trong 2 bộ ba số,359,100000
00674,d6,Giải sáu,,979 945 716 026 833 938 133 237 377 863 674 795 548 117 506 517 562 835,Trùng 1 bộ ba số bất kỳ trong 18 bộ ba số,4723,40000
00673,d6,Giải Đặc biệt,,770 703,,0,2000000000
00673,d6,Giải phụ Đặc biệt,,703 770,,0,400000000
00673,d6,Giải Nhất,,262 546 240 781,Trùng 2 bộ ba số bất kỳ trong 4 bộ ba số,4,30000000
00673,d6,Giải Nhì,,638 115 515 173 468 449,Trùng 2 bộ ba số bất kỳ trong 6 bộ ba số,7,10000000
00673,d6,Giải Ba,,401 776 689 713 405 245 370 111,Trùng 2 bộ ba số bất kỳ trong 8 bộ ba số,3,4000000
00673,d6,Giải tư,,770 703 262 546 240 781 638 115 515 173 468 449 401 776 689 713 405 245 370 111,Trùng 2 bộ ba số bất kỳ trong 20 bộ ba số,45,1000000
00673,d6,Giải năm,,770 703,Trùng 1 bộ ba số bất kỳ trong 2 bộ ba số,489,100000
00673,d6,Giải sáu,,262 546 240 781 638 115 515 173 468 449 401 776 689 713 405 245 370 111,Trùng 1 bộ ba số bất kỳ trong 18 bộ ba số,4553,40000
00672,d6,Giải Đặc biệt,,059 919,,0,2000000000
00672,d6,Giải phụ Đặc biệt,,919 059,,0,400000000
00672,d6,Giải Nhất,,866 314 088 357,Trùng 2 bộ ba số bất kỳ trong 4 bộ ba số,0,30000000
00672,d6,Giải Nhì,,807 268 201 344 006 217,Trùng 2 bộ ba số bất kỳ trong 6 bộ ba số,2,10000000
00672,d6,Giải Ba,,924 282 356 166 711 479 936 458,Trùng 2 bộ ba số bất kỳ trong 8 bộ ba số,7,4000000
00672,d6,Giải tư,,059 919 866 314 088 357 807 268 201 344 006 217 924 282 356 166 711 479 936 458,Trùng 2 bộ ba số bất kỳ trong 20 bộ ba số,50,1000000
00672,d6,Giải năm,,059 919,Trùng 1 bộ ba số bất kỳ trong 2 bộ ba số,571,100000
00672,d6,Giải sáu,,866 314 088 357 807 268 201 344 006 217 924 282 356 166 711 479 936 458,Trùng 1 bộ ba số bất kỳ trong 18 bộ ba số,4896,40000
00671,d6,Giải Đặc biệt,,271 150,,0,2000000000
00671,d6,Giải phụ Đặc biệt,,150 271,,0,400000000
00671,d6,Giải Nhất,,194 564 023 654,Trùng 2 bộ ba số bất kỳ trong 4 bộ ba số,0,30000000
00671,d6,Giải Nhì,,807 240 873 075 824 517,Trùng 2 bộ ba số bất kỳ trong 6 bộ ba số,3,10000000
00671,d6,Giải Ba,,186 647 726 579 198 594 874 045,Trùng 2 bộ ba số bất kỳ trong 8 bộ ba số,4,4000000
00671,d6,Giải tư,,271 150 194 564 023 654 807 240 873 075 824 517 186 647 726 579 198 594 874 045,Trùng 2 bộ ba số bất kỳ trong 20 bộ ba số,33,1000000
00671,d6,Giải năm,,271 150,Trùng 1 bộ ba số bất kỳ trong 2 bộ ba số,515,100000
00671,d6,Giải sáu,,194 564 023 654 807 240 873 075 824 517 186 647 726 579 198 594 874 045,Trùng 1 bộ ba số bất kỳ trong 18 bộ ba số,4322,40000
00670,d6,Giải Đặc biệt,,218 552,,0,2000000000
00670,d6,Giải phụ Đặc biệt,,552 218,,0,400000000
00670,d6,Giải Nhất,,686 334 453 090,Trùng 2 bộ ba số bất kỳ trong 4 bộ ba số,1,30000000
00670,d6,Giải Nhì,,704 874 436 499 086 766,Trùng 2 bộ ba số bất kỳ trong 6 bộ ba số,2,10000000
00670,d6,Giải Ba,,411 385 766 407 076 420 206 639,Trùng 2 bộ ba số bất kỳ trong 8 bộ ba số,7,4000000
00670,d6,Giải tư,,218 552 686 334 453 090 704 874 436 499 086 766 411 385 766 407 076 420 206 639,Trùng 2 bộ ba số bất kỳ trong 20 bộ ba số,42,1000000
00670,d6,Giải năm,,218 552,Trùng 1 bộ ba số bất kỳ trong 2 bộ ba số,782,100000
00670,d6,Giải sáu,,686 334 453 090 704 874 436 499 086 766 411 385 766 407 076 420 206 639,Trùng 1 bộ ba số bất kỳ trong 18 bộ ba số,4158,40000
00669,d6,Giải Đặc biệt,,481 246,,0,2000000000
00669,d6,Giải phụ Đặc biệt,,246 481,,0,400000000
00669,d6,Giải Nhất,,298 176 025 143,Trùng 2 bộ ba số bất kỳ trong 4 bộ ba số,0,30000000
00669,d6,Giải Nhì,,929 253 672 015 227 278,Trùng 2 bộ ba số bất kỳ trong 6 bộ ba số,7,10000000
00669,d6,Giải Ba,,296 333 150 960 891 664 527 879,Trùng 2 bộ ba số bất kỳ trong 8 bộ ba số,6,4000000
00669,d6,Giải tư,,481 246 298 176 025 143 929 253 672 015 227 278 296 333 150 960 891 664 527 879,Trùng 2 bộ ba số bất kỳ trong 20 bộ ba số,29,1000000
00669,d6,Giải năm,,481 246,Trùng 1 bộ ba số bất kỳ trong 2 bộ ba số,599,100000
00669,d6,Giải sáu,,298 176 025 143 929 253 672 015 227 278 296 333 150 960 891 664 527 879,Trùng 1 bộ ba số bất kỳ trong 18 bộ ba số,4811,40000
00668,d6,Giải Đặc biệt,,245 086,,0,2000000000
00668,d6,Giải phụ Đặc biệt,,086 245,,0,400000000
00668,d6,Giải Nhất,,973 069 495 916,Trùng 2 bộ ba số bất kỳ trong 4 bộ ba số,0,30000000
00668,d6,Giải Nhì,,343 457 358 735 442 661,Trùng 2 bộ ba số bất kỳ trong 6 bộ ba số,2,10000000
00668,d6,Giải Ba,,232 205 830 654 130 459 198 796,Trùng 2 bộ ba số bất kỳ trong 8 bộ ba số,7,4000000
00668,d6,Giải tư,,245 086 973 069 495 916 343 457 358 735 442 661 232 205 830 654 130 459 198 796,Trùng 2 bộ ba số bất kỳ trong 20 bộ ba số,29,1000000
00668,d6,Giải năm,,245 086,Trùng 1 bộ ba số bất kỳ trong 2 bộ ba số,458,100000
00668,d6,Giải sáu,,973 069 495 916 343 457 358 735 442 661 232 205 830 654 130 459 198 796,Trùng 1 bộ ba số bất kỳ trong 18 bộ ba số,4543,40000
00667,d6,Giải Đặc biệt,,860 573,,0,2000000000
00667,d6,Giải phụ Đặc biệt,,573 860,,0,400000000
00667,d6,Giải Nhất,,776 536 968 156,Trùng 2 bộ ba số bất kỳ trong 4 bộ ba số,2,30000000
00667,d6,Giải Nhì,,852 281 079 355 916 332,Trùng 2 bộ ba số bất kỳ trong 6 bộ ba số,7,10000000
00667,d6,Giải Ba,,108 517 504 674 041 240 273 599,Trùng 2 bộ ba số bất kỳ trong 8 bộ ba số,3,4000000
00667,d6,Giải tư,,860 573 776 536 968 156 852 281 079 355 916 332 108 517 504 674 041 240 273 599,Trùng 2 bộ ba số bất kỳ trong 20 bộ ba số,53,1000000
00667,d6,Giải năm,,860 573,Trùng 1 bộ ba số bất kỳ trong 2 bộ ba số,494,100000
00667,d6,Giải sáu,,776 536 968 156 852 281 079 355 916 332 108 517 504 674 041 240 273 599,Trùng 1 bộ ba số bất kỳ trong 18 bộ ba số,4694,40000
00666,d6,Giải Đặc biệt,,108 555,,0,2000000000
00666,d6,Giải phụ Đặc biệt,,555 108,,0,400000000
00666,d6,Giải Nhất,,235 798 113 684,Trùng 2 bộ ba số bất kỳ trong 4 bộ ba số,0,30000000
00666,d6,Giải Nhì,,315 951 355 647 970 601,Trùng 2 bộ ba số bất kỳ trong 6 bộ ba số,6,10000000
00666,d6,Giải Ba,,412 423 833 387 102 984 679 292,Trùng 2 bộ ba số bất kỳ trong 8 bộ ba số,6,4000000
00666,d6,Giải tư,,108 555 235 798 113 684 315 951 355 647 970 601 412 423 833 387 102 984 679 292,Trùng 2 bộ ba số bất kỳ trong 20 bộ ba số,59,1000000
00666,d6,Giải năm,,108 555,Trùng 1 bộ ba số bất kỳ trong 2 bộ ba số,470,100000
00666,d6,Giải sáu,,235 798 113 684 315 951 355 647 970 601 412 423 833 387 102 984 679 292,Trùng 1 bộ ba số bất kỳ trong 18 bộ ba số,5398,40000
00665,d6,Giải Đặc biệt,,038 097,,0,2000000000
00665,d6,Giải phụ Đặc biệt,,097 038,,0,400000000
00665,d6,Giải Nhất,,279 615 188 169,Trùng 2 bộ ba số bất kỳ trong 4 bộ ba số,1,30000000
00665,d6,Giải Nhì,,926 624 934 623 804 214,Trùng 2 bộ ba số bất kỳ trong 6 bộ ba số,2,10000000
00665,d6,Giải Ba,,370 238 670 638 937 267 732 365,Trùng 2 bộ ba số bất kỳ trong 8 bộ ba số,13,4000000
00665,d6,Giải tư,,038 097 279 615 188 169 926 624 934 623 804 214 370 238 670 638 937 267 732 365,Trùng 2 bộ ba số bất kỳ trong 20 bộ ba số,50,1000000
00665,d6,Giải năm,,038 097,Trùng 1 bộ ba số bất kỳ trong 2 bộ ba số,402,100000
00665,d6,Giải sáu,,279 615 188 169 926 624 934 623 804 214 370 238 670 638 937 267 732 365,Trùng 1 bộ ba số bất kỳ trong 18 bộ ba số,4481,40000
